arm,case_id,ic_name,true_rhat,true_dhat,true_alpha,estimated_rhat,estimated_dhat,estimated_alpha,success,rhat_signed,dhat_signed,alpha_signed
inverse_crime,case_000,Random spaced,0.739,9.5759e-05,0.00012957916102841678,0.73892,9.573216e-05,0.00012955686677854165,True,-0.00010825439783487008,-0.0002802869704153902,-0.00017205119787933154
grid_only,case_000,Random spaced,0.739,9.5759e-05,0.00012957916102841678,0.73892,0.00010008192,0.00013544351215287175,True,-0.00010825439783487008,0.045143746279723056,0.045256899936008274
operator_only,case_000,Random spaced,0.739,9.5759e-05,0.00012957916102841678,0.733299,9.229872e-05,0.00012586778380987838,True,-0.00771447902571036,-0.03613529798765655,-0.02864177533704281
full_mismatch,case_000,Random spaced,0.739,9.5759e-05,0.00012957916102841678,0.7384580000000001,9.886752e-05,0.00013388374152626146,True,-0.0007334235453314363,0.03246190958552192,0.033219697238977185
inverse_crime,case_000,One central cluster,0.739,9.5759e-05,0.00012957916102841678,0.7389970000000001,9.564384e-05,0.00012942385422403605,True,-4.05953991862547e-06,-0.0012026023663572704,-0.0011985476919909302
grid_only,case_000,One central cluster,0.739,9.5759e-05,0.00012957916102841678,0.739074,9.969552e-05,0.00013489247355474553,True,0.00010013531799731867,0.04110861642247719,0.04100437511833814
operator_only,case_000,One central cluster,0.739,9.5759e-05,0.00012957916102841678,0.733299,9.225456e-05,0.0001258075628086224,True,-0.00771447902571036,-0.036596455685627485,-0.02910651828473614
full_mismatch,case_000,One central cluster,0.739,9.5759e-05,0.00012957916102841678,0.7383040000000001,9.903312000000001e-05,0.00013413596567267682,True,-0.000941813261163625,0.03419125095291309,0.035166184192693815
inverse_crime,case_000,Many clusters,0.739,9.5759e-05,0.00012957916102841678,0.7389970000000001,9.586463999999999e-05,0.00012972263757498337,True,-4.05953991862547e-06,0.00110318612349743,0.0011072501583423776
grid_only,case_000,Many clusters,0.739,9.5759e-05,0.00012957916102841678,0.73892,9.987215999999999e-05,0.00013515963839116546,True,-0.00010825439783487008,0.04295324721436095,0.04306616371381566
operator_only,case_000,Many clusters,0.739,9.5759e-05,0.00012957916102841678,0.7337610000000001,9.304944e-05,0.0001268116457538626,True,-0.0070893098782136435,-0.028295617122150424,-0.02135771873030775
full_mismatch,case_000,Many clusters,0.739,9.5759e-05,0.00012957916102841678,0.7384580000000001,9.920976e-05,0.00013434719374697004,True,-0.0007334235453314363,0.03603588174479685,0.0367962925574709
inverse_crime,case_000,Clusters + singles,0.739,9.5759e-05,0.00012957916102841678,0.738843,9.58536e-05,0.000129734733901519,True,-0.00021244925575096446,0.0009878966990048365,0.001200601021549377
grid_only,case_000,Clusters + singles,0.739,9.5759e-05,0.00012957916102841678,0.739228,9.973968e-05,0.00013492411001747768,True,0.0003085250338295074,0.04156977412044813,0.04124852288470018
operator_only,case_000,Clusters + singles,0.739,9.5759e-05,0.00012957916102841678,0.7337610000000001,9.346895999999999e-05,0.00012738338505317124,True,-0.0070893098782136435,-0.023914618991426495,-0.01694544059259657
full_mismatch,case_000,Clusters + singles,0.739,9.5759e-05,0.00012957916102841678,0.738612,9.920976e-05,0.00013431918246657244,True,-0.0005250338294992476,0.03603588174479685,0.03658012137550545
inverse_crime,case_001,Random spaced,0.852,9.968e-05,0.00011699530516431924,0.852033,9.964032000000001e-05,0.00011694420286538199,True,3.87323943662685e-05,-0.00039807383627592306,-0.0004367893127462039
grid_only,case_001,Random spaced,0.852,9.968e-05,0.00011699530516431924,0.851956,0.00010371408000000001,0.00012173642770283912,True,-5.164319248818425e-05,0.040470304975923105,0.04052404095925895
operator_only,case_001,Random spaced,0.852,9.968e-05,0.00011699530516431924,0.8447950000000001,9.658224e-05,0.00011432624482862705,True,-0.00845657276995294,-0.031077046548956662,-0.022813396930274392
full_mismatch,case_001,Random spaced,0.852,9.968e-05,0.00011699530516431924,0.85134,0.00010278672,0.00012073521742194658,True,-0.0007746478873239366,0.031166934189406133,0.03196634473814697
inverse_crime,case_001,One central cluster,0.852,9.968e-05,0.00011699530516431924,0.852033,9.957408000000001e-05,0.0001168664593976994,True,3.87323943662685e-05,-0.0010626003210271156,-0.0011012900597924431
grid_only,case_001,One central cluster,0.852,9.968e-05,0.00011699530516431924,0.852033,0.00010380240000000001,0.00012182908408477137,True,3.87323943662685e-05,0.041356340288924695,0.041316007626657464
operator_only,case_001,One central cluster,0.852,9.968e-05,0.00011699530516431924,0.84441,9.628416e-05,0.0001140253668241731,True,-0.008908450704225336,-0.03406741573033703,-0.025385107000446615
full_mismatch,case_001,One central cluster,0.852,9.968e-05,0.00011699530516431924,0.851186,0.0001029192,0.000120912702981487,True,-0.0009553990610328421,0.03249598715890852,0.03348337620612888
inverse_crime,case_001,Many clusters,0.852,9.968e-05,0.00011699530516431924,0.851956,9.959616e-05,0.00011690293864941381,True,-5.164319248818425e-05,-0.0008410914927768541,-0.0007894890720247679
grid_only,case_001,Many clusters,0.852,9.968e-05,0.00011699530516431924,0.852033,0.00010359264,0.00012158289643710982,True,3.87323943662685e-05,0.039252006420545785,0.03921175526101096
operator_only,case_001,Many clusters,0.852,9.968e-05,0.00011699530516431924,0.8447950000000001,9.717840000000001e-05,0.00011503193082345422,True,-0.00845657276995294,-0.025096308186195657,-0.016781650666302158
full_mismatch,case_001,Many clusters,0.852,9.968e-05,0.00011699530516431924,0.851263,0.00010316207999999999,0.00012118708319285578,True,-0.0008650234741783893,0.03493258426966289,0.035828600324168625
inverse_crime,case_001,Clusters + singles,0.852,9.968e-05,0.00011699530516431924,0.851956,9.962928e-05,0.0001169418138964923,True,-5.164319248818425e-05,-0.0005088282504012578,-0.00045720866962842483
grid_only,case_001,Clusters + singles,0.852,9.968e-05,0.00011699530516431924,0.85211,0.00010359264,0.00012157190972996443,True,0.00012910798122072123,0.039252006420545785,0.03911784801293843
operator_only,case_001,Clusters + singles,0.852,9.968e-05,0.00011699530516431924,0.8461040000000001,9.523536e-05,0.000112557510660628,True,-0.006920187793427114,-0.04458908507223105,-0.037931389618227715
full_mismatch,case_001,Clusters + singles,0.852,9.968e-05,0.00011699530516431924,0.85134,0.00010328352,0.00012131876805976461,True,-0.0007746478873239366,0.03615088282504022,0.03695415717214541
inverse_crime,case_002,Random spaced,0.554,8.8424e-05,0.0001596101083032491,0.554197,8.828016e-05,0.0001592938251199483,True,0.000355595667870041,-0.0016267076811726047,-0.0019815987011291333
grid_only,case_002,Random spaced,0.554,8.8424e-05,0.0001596101083032491,0.5538890000000001,9.246432e-05,0.000166936552269498,True,-0.00020036101083027478,0.04569257215235672,0.045902130160385086
operator_only,case_002,Random spaced,0.554,8.8424e-05,0.0001596101083032491,0.5510400000000001,8.480255999999999e-05,0.00015389547038327522,True,-0.005342960288808597,-0.040955396724871244,-0.035803734366976474
full_mismatch,case_002,Random spaced,0.554,8.8424e-05,0.0001596101083032491,0.553658,9.139344e-05,0.00016507201196406447,True,-0.000617328519855712,0.03358183298651944,0.03422028666529129
inverse_crime,case_002,One central cluster,0.554,8.8424e-05,0.0001596101083032491,0.5540430000000001,8.84016e-05,0.00015955729067960428,True,7.761732851988312e-05,-0.00025332488917045664,-0.0003309165328330559
grid_only,case_002,One central cluster,0.554,8.8424e-05,0.0001596101083032491,0.5540430000000001,9.238704e-05,0.0001667506673669733,True,7.761732851988312e-05,0.044818601284718984,0.044737511550067964
operator_only,case_002,One central cluster,0.554,8.8424e-05,0.0001596101083032491,0.550501,8.523312e-05,0.00015482827460803884,True,-0.006315884476534349,-0.036086130462318025,-0.029959466515272818
full_mismatch,case_002,One central cluster,0.554,8.8424e-05,0.0001596101083032491,0.5534270000000001,9.14928e-05,0.0001653204487674074,True,-0.0010342960288807484,0.03470550981633938,0.03577680965737468
inverse_crime,case_002,Many clusters,0.554,8.8424e-05,0.0001596101083032491,0.5541200000000001,8.84568e-05,0.00015963473615823284,True,0.00021660649819496206,0.0003709400162850652,0.00015430009568660587
grid_only,case_002,Many clusters,0.554,8.8424e-05,0.0001596101083032491,0.5538890000000001,9.250848e-05,0.00016701627943504924,True,-0.00020036101083027478,0.046191984076721135,0.04640164216748029
operator_only,case_002,Many clusters,0.554,8.8424e-05,0.0001596101083032491,0.550116,8.671248e-05,0.00015762580982919965,True,-0.007010830324909744,-0.01935583099610973,-0.012432160438607079
full_mismatch,case_002,Many clusters,0.554,8.8424e-05,0.0001596101083032491,0.553658,9.189024e-05,0.00016596931679845682,True,-0.000617328519855712,0.03920021713561929,0.039842141345619725
inverse_crime,case_002,Clusters + singles,0.554,8.8424e-05,0.0001596101083032491,0.5538890000000001,8.854512e-05,0.0001598607663268272,True,-0.00020036101083027478,0.0013697638650139,0.0015704395306960265
grid_only,case_002,Clusters + singles,0.554,8.8424e-05,0.0001596101083032491,0.5538890000000001,9.249744e-05,0.00016699634764366143,True,-0.00020036101083027478,0.04606713109563003,0.046276764165706495
operator_only,case_002,Clusters + singles,0.554,8.8424e-05,0.0001596101083032491,0.5508090000000001,8.878799999999999e-05,0.00016119562316519877,True,-0.0057599277978338335,0.004116529449018196,0.009933674494708647
full_mismatch,case_002,Clusters + singles,0.554,8.8424e-05,0.0001596101083032491,0.5537350000000001,9.203375999999999e-05,0.00016620542317173374,True,-0.00047833935018043265,0.04082330588980349,0.041321410896820884
inverse_crime,case_003,Random spaced,0.446,9.7078e-05,0.00021766367713004482,0.4460120000000001,9.710112e-05,0.0002177096580361066,True,2.6905829596563928e-05,0.00023815900616004263,0.00021124749277442298
grid_only,case_003,Random spaced,0.446,9.7078e-05,0.00021766367713004482,0.4460120000000001,0.00010119696,0.00022689290871097633,True,2.6905829596563928e-05,0.0424293866787532,0.04240134000592778
operator_only,case_003,Random spaced,0.446,9.7078e-05,0.00021766367713004482,0.444164,9.373392e-05,0.0002110344827586207,True,-0.004116591928251131,-0.03444735161416585,-0.030456135166105146
full_mismatch,case_003,Random spaced,0.446,9.7078e-05,0.00021766367713004482,0.44624300000000006,9.993839999999999e-05,0.00022395510965998342,True,0.0005448430493274635,0.029464966315746074,0.02890437491864912
inverse_crime,case_003,One central cluster,0.446,9.7078e-05,0.00021766367713004482,0.445935,9.713424e-05,0.00021782152107369907,True,-0.0001457399103138604,0.0005793279630812755,0.0007251735601248066
grid_only,case_003,One central cluster,0.446,9.7078e-05,0.00021766367713004482,0.44578100000000004,0.0001010976,0.0002267875930109179,True,-0.0004910313901344602,0.0414058798079895,0.041917494003475504
operator_only,case_003,One central cluster,0.446,9.7078e-05,0.00021766367713004482,0.44347100000000006,9.346895999999999e-05,0.0002107667919661037,True,-0.00567040358744383,-0.03717670326953586,-0.03168597193100121
full_mismatch,case_003,One central cluster,0.446,9.7078e-05,0.00021766367713004482,0.44608900000000007,0.00010028064,0.00022479962518690214,True,0.0001995515695068638,0.032990378870598955,0.03278428514553623
inverse_crime,case_003,Many clusters,0.446,9.7078e-05,0.00021766367713004482,0.4460120000000001,9.693551999999999e-05,0.0002173383675775539,True,2.6905829596563928e-05,-0.001467685778446261,-0.001494551395897636
grid_only,case_003,Many clusters,0.446,9.7078e-05,0.00021766367713004482,0.4460120000000001,0.00010103136,0.00022652161825242366,True,2.6905829596563928e-05,0.040723541894147036,0.040695541117255846
operator_only,case_003,Many clusters,0.446,9.7078e-05,0.00021766367713004482,0.44424100000000005,9.428592e-05,0.00021224047307655077,True,-0.003943946188340706,-0.02876120233214517,-0.0249155216203295
full_mismatch,case_003,Many clusters,0.446,9.7078e-05,0.00021766367713004482,0.44585800000000003,0.0001004904,0.00022538655805211523,True,-0.00031838565022416024,0.03515111559776676,0.03548079782487697
inverse_crime,case_003,Clusters + singles,0.446,9.7078e-05,0.00021766367713004482,0.44616600000000006,9.711216e-05,0.00021765925686851977,True,0.00037219730941716366,0.0003518819918004536,-2.030775912331536e-05
grid_only,case_003,Clusters + singles,0.446,9.7078e-05,0.00021766367713004482,0.44608900000000007,0.00010117488,0.0002268042475828814,True,0.0001995515695068638,0.04220194070747238,0.04199400916752632
operator_only,case_003,Clusters + singles,0.446,9.7078e-05,0.00021766367713004482,0.444549,9.506976e-05,0.00021385665022303504,True,-0.003253363228699507,-0.02068687035167585,-0.01749040977900619
full_mismatch,case_003,Clusters + singles,0.446,9.7078e-05,0.00021766367713004482,0.445935,9.992736e-05,0.0002240850348144909,True,-0.0001457399103138604,0.029351243330105803,0.029501282754722507
inverse_crime,case_004,Random spaced,0.919,0.000132925,0.00014464091403699672,0.9191000000000001,0.00013287072000000002,0.00014456611902948535,True,0.00010881392818291622,-0.00040835057363156193,-0.000517108233236432
grid_only,case_004,Random spaced,0.919,0.000132925,0.00014464091403699672,0.9189460000000002,0.000136812,0.00014887925949947002,True,-5.8759521218593545e-05,0.02924205378973104,0.02930253511388345
operator_only,case_004,Random spaced,0.919,0.000132925,0.00014464091403699672,0.9103990000000001,0.00012934896,0.00014207941792554693,True,-0.00935908596300323,-0.026902689486552445,-0.01770934682281255
full_mismatch,case_004,Random spaced,0.919,0.000132925,0.00014464091403699672,0.918022,0.00013596192,0.00014810311735448603,True,-0.0010642002176278937,0.02284686853488809,0.023936542025748936
inverse_crime,case_004,One central cluster,0.919,0.000132925,0.00014464091403699672,0.9191770000000001,0.000132948,0.0001446380838510972,True,0.0001926006528836711,0.00017302990408132237,-1.956698018928365e-05
grid_only,case_004,One central cluster,0.919,0.000132925,0.00014464091403699672,0.9190230000000001,0.00013699968,0.0001490710025755612,True,2.5027203482161336e-05,0.030653977807034112,0.03062818406575709
operator_only,case_004,One central cluster,0.919,0.000132925,0.00014464091403699672,0.9114000000000001,0.00012890736,0.0001414388413429888,True,-0.008269858541893297,-0.03022486364491257,-0.02213808392547143
full_mismatch,case_004,One central cluster,0.919,0.000132925,0.00014464091403699672,0.918099,0.00013619376,0.00014834321788826694,True,-0.0009804134929271389,0.024591009968027152,0.02559651863319416
inverse_crime,case_004,Many clusters,0.919,0.000132925,0.00014464091403699672,0.9190230000000001,0.00013293696,0.00014465030799011555,True,2.5027203482161336e-05,8.997555012222238e-05,6.494672120523328e-05
grid_only,case_004,Many clusters,0.919,0.000132925,0.00014464091403699672,0.9191000000000001,0.00013682304,0.00014886632575345445,True,0.00010881392818291622,0.029325108143690142,0.02921311542166374
operator_only,case_004,Many clusters,0.919,0.000132925,0.00014464091403699672,0.910784,0.000130188,0.00014294058744993325,True,-0.008940152339499456,-0.020590558585668595,-0.01175550222690492
full_mismatch,case_004,Many clusters,0.919,0.000132925,0.00014464091403699672,0.9184070000000001,0.0001355424,0.00014758424097377306,True,-0.0006452665941239985,0.019690803084446165,0.02034920033776528
inverse_crime,case_004,Clusters + singles,0.919,0.000132925,0.00014464091403699672,0.918869,0.0001331136,0.00014486678732224072,True,-0.00014254624591946924,0.001418845213466395,0.0015616140616079204
grid_only,case_004,Clusters + singles,0.919,0.000132925,0.00014464091403699672,0.9189460000000002,0.00013690032000000002,0.00014897536960822508,True,-5.8759521218593545e-05,0.02990648862140323,0.029967008989722464
operator_only,case_004,Clusters + singles,0.919,0.000132925,0.00014464091403699672,0.9112460000000001,0.00013041984,0.00014312253771209968,True,-0.008437431991294807,-0.018846417152529535,-0.010497557589470654
full_mismatch,case_004,Clusters + singles,0.919,0.000132925,0.00014464091403699672,0.9182530000000001,0.00013624896000000001,0.00014837845343276853,True,-0.0008128400435255083,0.025006281737822246,0.025840125670222217
inverse_crime,case_005,Random spaced,0.593,0.000129431,0.0002182647554806071,0.5930820000000001,0.00012954768,0.0002184313130393436,True,0.00013827993254660628,0.0009014841884865586,0.0007630987346983528
grid_only,case_005,Random spaced,0.593,0.000129431,0.0002182647554806071,0.5929280000000001,0.00013353312,0.00022520967132602944,True,-0.00012141652613802692,0.031693489195015134,0.03181876904555666
operator_only,case_005,Random spaced,0.593,0.000129431,0.0002182647554806071,0.5893860000000001,0.00012391728,0.0002102480886889067,True,-0.006094435075885152,-0.042599686319351696,-0.03672909432422168
full_mismatch,case_005,Random spaced,0.593,0.000129431,0.0002182647554806071,0.592697,0.00013258368,0.00022369554764070003,True,-0.0005109612141651639,0.024357997697614892,0.02488167248136154
inverse_crime,case_005,One central cluster,0.593,0.000129431,0.0002182647554806071,0.593005,0.00012955872,0.00021847829276313015,True,8.431703204102456e-06,0.0009867806012469195,0.000978340648964815
grid_only,case_005,One central cluster,0.593,0.000129431,0.0002182647554806071,0.592851,0.00013352208,0.00022522029987298662,True,-0.00025126475548053074,0.03160819278225457,0.03186746470846282
operator_only,case_005,One central cluster,0.593,0.000129431,0.0002182647554806071,0.590387,0.00012562848,0.00021279005127145415,True,-0.004406408094435037,-0.029378742341479226,-0.02508285956245182
full_mismatch,case_005,One central cluster,0.593,0.000129431,0.0002182647554806071,0.592466,0.00013255056,0.0002237268636512475,True,-0.0009005059021921138,0.0241021084593336,0.025025149656494553
inverse_crime,case_005,Many clusters,0.593,0.000129431,0.0002182647554806071,0.5930820000000001,0.0001293048,0.00021802179125314877,True,0.00013827993254660628,-0.0009750368922436829,-0.0011131628967001252
grid_only,case_005,Many clusters,0.593,0.000129431,0.0002182647554806071,0.5930820000000001,0.0001332792,0.00022472305684542772,True,0.00013827993254660628,0.029731671701524322,0.02958930016254703
operator_only,case_005,Many clusters,0.593,0.000129431,0.0002182647554806071,0.590233,0.00012586032,0.0002132383651879851,True,-0.00466610455311967,-0.027587517673509344,-0.023028868227278183
full_mismatch,case_005,Many clusters,0.593,0.000129431,0.0002182647554806071,0.592543,0.0001331136,0.0002246480002295192,True,-0.0007706576728497972,0.028452225510117446,0.029245421391358162
inverse_crime,case_005,Clusters + singles,0.593,0.000129431,0.0002182647554806071,0.592774,0.00012949248,0.00021845168647747706,True,-0.00038111298482284737,0.0004750021246841263,0.0008564415104873218
grid_only,case_005,Clusters + singles,0.593,0.000129431,0.0002182647554806071,0.5929280000000001,0.00013348896,0.00022513519348049002,True,-0.00012141652613802692,0.031352303543973274,0.031477541963907923
operator_only,case_005,Clusters + singles,0.593,0.000129431,0.0002182647554806071,0.590002,0.00012740592000000001,0.00021594150528303296,True,-0.00505564924114662,-0.015646019887043963,-0.01064418390618531
full_mismatch,case_005,Clusters + singles,0.593,0.000129431,0.0002182647554806071,0.592774,0.00013290384,0.00022420659475618025,True,-0.00038111298482284737,0.026831593667668494,0.027223081722422545
inverse_crime,case_006,Random spaced,0.712,0.000126296,0.00017738202247191012,0.7120470000000001,0.00012616944,0.00017719257296217804,True,6.601123595523914e-05,-0.0010020903274845616,-0.0010680310613894644
grid_only,case_006,Random spaced,0.712,0.000126296,0.00017738202247191012,0.712124,0.00013000032,0.0001825529261757784,True,0.00017415730337080477,0.029330461772344434,0.029151227569790147
operator_only,case_006,Random spaced,0.712,0.000126296,0.00017738202247191012,0.706734,0.00012236064,0.00017313535219757364,True,-0.007396067415730328,-0.031159815037689186,-0.023940815507439463
full_mismatch,case_006,Random spaced,0.712,0.000126296,0.00017738202247191012,0.711508,0.00012922752,0.00018162483064139827,True,-0.0006910112359549676,0.023211503135491217,0.023919042698704335
inverse_crime,case_006,One central cluster,0.712,0.000126296,0.00017738202247191012,0.7120470000000001,0.00012618048,0.0001772080775566781,True,6.601123595523914e-05,-0.0009146766326724832,-0.0009806231364824815
grid_only,case_006,One central cluster,0.712,0.000126296,0.00017738202247191012,0.7120470000000001,0.00013039776,0.0001831308326557095,True,6.601123595523914e-05,0.03247735478558312,0.032409204178003775
operator_only,case_006,One central cluster,0.712,0.000126296,0.00017738202247191012,0.707889,0.00012259248,0.00017318037149892143,True,-0.0057738764044943484,-0.029324127446633392,-0.023687016950401783
full_mismatch,case_006,One central cluster,0.712,0.000126296,0.00017738202247191012,0.711739,0.00012923856,0.00018158139430324882,True,-0.00036657303370780296,0.02329891683030351,0.023674168175659996
inverse_crime,case_006,Many clusters,0.712,0.000126296,0.00017738202247191012,0.712124,0.00012627984,0.00017732844279928778,True,0.00017415730337080477,-0.00012795337936270402,-0.00030205807711335337
grid_only,case_006,Many clusters,0.712,0.000126296,0.00017738202247191012,0.7120470000000001,0.00013030944,0.00018300679589970884,True,6.601123595523914e-05,0.03177804522708563,0.031709940778747454
operator_only,case_006,Many clusters,0.712,0.000126296,0.00017738202247191012,0.707042,0.00012357504,0.0001747775096811788,True,-0.0069634831460674415,-0.021544308608348536,-0.014683070778177392
full_mismatch,case_006,Many clusters,0.712,0.000126296,0.00017738202247191012,0.711662,0.00012956976,0.00018206643041219006,True,-0.00047471910112352456,0.025921327674669082,0.026408583434782727
inverse_crime,case_006,Clusters + singles,0.712,0.000126296,0.00017738202247191012,0.7118930000000001,0.00012631296,0.00017743250741333316,True,-0.00015028089887620394,0.00013428770507374597,0.0002846113756033687
grid_only,case_006,Clusters + singles,0.712,0.000126296,0.00017738202247191012,0.7118160000000001,0.0001303536,0.00018312822414781347,True,-0.0002584269662919255,0.03212770000633438,0.03239449858462013
operator_only,case_006,Clusters + singles,0.712,0.000126296,0.00017738202247191012,0.7079660000000001,0.00012355296,0.00017451821132653263,True,-0.005665730337078471,-0.02171913599797291,-0.016144878187027062
full_mismatch,case_006,Clusters + singles,0.712,0.000126296,0.00017738202247191012,0.711354,0.00012984576,0.00018253325348560628,True,-0.0009073033707864107,0.02810667004497362,0.02904032179761565
inverse_crime,case_007,Random spaced,0.809,0.000106114,0.00013116687268232384,0.8089900000000001,0.0001060656,0.0001311086663617597,True,-1.2360939431340531e-05,-0.00045611323670767014,-0.0004437577825394368
grid_only,case_007,Random spaced,0.809,0.000106114,0.00013116687268232384,0.8091440000000001,0.00011022768000000001,0.00013622751945265612,True,0.0001779975278121545,0.03876660949544842,0.038581744512494305
operator_only,case_007,Random spaced,0.809,0.000106114,0.00013116687268232384,0.8023680000000001,0.00010221264000000001,0.00012738872936109117,True,-0.008197775030902313,-0.036765742503345335,-0.028804096979448773
full_mismatch,case_007,Random spaced,0.809,0.000106114,0.00013116687268232384,0.8081430000000001,0.00010903536,0.00013492087415222306,True,-0.0010593325092707003,0.02753039184273523,0.028620042493436065
inverse_crime,case_007,One central cluster,0.809,0.000106114,0.00013116687268232384,0.8090670000000001,0.00010605456,0.00013108254322571553,True,8.281829419040699e-05,-0.0005601522890476047,-0.0006429173379207576
grid_only,case_007,One central cluster,0.809,0.000106114,0.00013116687268232384,0.8092210000000001,0.00011004,0.00013598263020855858,True,0.000273176761433902,0.0369979456056694,0.03671473923067561
operator_only,case_007,One central cluster,0.809,0.000106114,0.00013116687268232384,0.8023680000000001,0.00010134048,0.000126301746829385,True,-0.008197775030902313,-0.04498482763820042,-0.037091117242093546
full_mismatch,case_007,One central cluster,0.809,0.000106114,0.00013116687268232384,0.808297,0.00010935552000000001,0.00013529126051439015,True,-0.0008689740420272054,0.03054752436059346,0.03144382226795377
inverse_crime,case_007,Many clusters,0.809,0.000106114,0.00013116687268232384,0.8089130000000001,0.00010622016000000001,0.00013131221775394882,True,-0.00010754017305308804,0.0010004334960515412,0.001108092833599801
grid_only,case_007,Many clusters,0.809,0.000106114,0.00013116687268232384,0.8089900000000001,0.00011005104,0.00013603510550192212,True,-1.2360939431340531e-05,0.03710198465800934,0.03711480437128949
operator_only,case_007,Many clusters,0.809,0.000106114,0.00013116687268232384,0.8024450000000001,0.00010371408000000001,0.00012924758706204164,True,-0.008102595797280565,-0.02261643138511398,-0.014632395977988712
full_mismatch,case_007,Many clusters,0.809,0.000106114,0.00013116687268232384,0.808374,0.00010958736,0.00013556517156662634,True,-0.0007737948084054579,0.03273234445973209,0.03353208622237145
inverse_crime,case_007,Clusters + singles,0.809,0.000106114,0.00013116687268232384,0.8090670000000001,0.000106176,0.0001312326420432424,True,8.281829419040699e-05,0.0005842772866916752,0.0005014174659621743
grid_only,case_007,Clusters + singles,0.809,0.000106114,0.00013116687268232384,0.8092980000000001,0.0001099848,0.00013590148499069562,True,0.0003683559950556495,0.03647775034396973,0.036096098134768016
operator_only,case_007,Clusters + singles,0.809,0.000106114,0.00013116687268232384,0.8035230000000001,0.0001027536,0.00012787885349890417,True,-0.006770086526575962,-0.031667828938688546,-0.025067451225912776
full_mismatch,case_007,Clusters + singles,0.809,0.000106114,0.00013116687268232384,0.808605,0.00010938864,0.0001352806871092808,True,-0.0004882571075402153,0.030859641517613137,0.03136321193629657
inverse_crime,case_008,Random spaced,0.953,0.000142365,0.00014938614900314798,0.95298,0.00014223264,0.0001492503935024869,True,-2.0986358866641114e-05,-0.000929722895374681,-0.0009087556079794631
grid_only,case_008,Random spaced,0.953,0.000142365,0.00014938614900314798,0.95298,0.00014632848000000002,0.00015354832210539573,True,-2.0986358866641114e-05,0.027840269729217215,0.027861840806673734
operator_only,case_008,Random spaced,0.953,0.000142365,0.00014938614900314798,0.9439710000000001,0.00013862256,0.0001468504434987939,True,-0.009474291710388083,-0.026287640922979826,-0.016974167426329838
full_mismatch,case_008,Random spaced,0.953,0.000142365,0.00014938614900314798,0.952056,0.00014524656,0.0001525609417933399,True,-0.0009905561385099106,0.020240649035928773,0.021252256727797517
inverse_crime,case_008,One central cluster,0.953,0.000142365,0.00014938614900314798,0.95298,0.00014232096000000002,0.00014934307120821006,True,-2.0986358866641114e-05,-0.0003093456959223886,-0.0002883653887952454
grid_only,case_008,One central cluster,0.953,0.000142365,0.00014938614900314798,0.953057,0.00014632848000000002,0.00015353591652965144,True,5.9811122770288314e-05,0.027840269729217215,0.02777879712540157
operator_only,case_008,One central cluster,0.953,0.000142365,0.00014938614900314798,0.9438170000000001,0.00013963824,0.00014795054549769708,True,-0.009635886673661942,-0.01915330312928046,-0.00961001749513367
full_mismatch,case_008,One central cluster,0.953,0.000142365,0.00014938614900314798,0.952133,0.00014578752000000001,0.0001531167599484526,True,-0.0009097586568729813,0.024040459382572994,0.02497293738541989
inverse_crime,case_008,Many clusters,0.953,0.000142365,0.00014938614900314798,0.953057,0.000142332,0.00014934258916308259,True,5.9811122770288314e-05,-0.00023179854599097107,-0.0002915922283027308
grid_only,case_008,Many clusters,0.953,0.000142365,0.00014938614900314798,0.95298,0.00014627328,0.00015349039853931876,True,-2.0986358866641114e-05,0.027452533979559556,0.027474096919683576
operator_only,case_008,Many clusters,0.953,0.000142365,0.00014938614900314798,0.9455110000000001,0.00013622688000000001,0.00014407751998654695,True,-0.007858342077649377,-0.04311537245811819,-0.03553628667734889
full_mismatch,case_008,Many clusters,0.953,0.000142365,0.00014938614900314798,0.952056,0.00014590896,0.00015325669918576218,True,-0.0009905561385099106,0.02489347803181954,0.025909699181901003
inverse_crime,case_008,Clusters + singles,0.953,0.000142365,0.00014938614900314798,0.9532110000000001,0.00014223264,0.00014921422434277404,True,0.00022140608604426367,-0.000929722895374681,-0.00115087417087321
grid_only,case_008,Clusters + singles,0.953,0.000142365,0.00014938614900314798,0.95298,0.00014646096000000002,0.00015368733866398036,True,-2.0986358866641114e-05,0.028770835528395367,0.028792426135449425
operator_only,case_008,Clusters + singles,0.953,0.000142365,0.00014938614900314798,0.9444330000000001,0.00014032272,0.00014857879807249428,True,-0.008989506820566507,-0.01434537983352648,-0.00540445641072577
full_mismatch,case_008,Clusters + singles,0.953,0.000142365,0.00014938614900314798,0.95221,0.00014522448,0.00015251308009787758,True,-0.0008289611752360519,0.02008555473606575,0.020931867616881362
inverse_crime,case_009,Random spaced,0.659,0.000117963,0.00017900303490136569,0.6589940000000001,0.00011794464,0.00017897680403766952,True,-9.104704097041714e-06,-0.00015564202334627714,-0.00014653865344025
grid_only,case_009,Random spaced,0.659,0.000117963,0.00017900303490136569,0.6589940000000001,0.0001220184,0.0001851585902147819,True,-9.104704097041714e-06,0.034378576333257055,0.03438799412986521
operator_only,case_009,Random spaced,0.659,0.000117963,0.00017900303490136569,0.654528,0.00011444496,0.0001748511293634497,True,-0.006786039453717802,-0.029823249663029863,-0.023194609746163053
full_mismatch,case_009,Random spaced,0.659,0.000117963,0.00017900303490136569,0.6585320000000001,0.00012125664,0.00018413173543578744,True,-0.0007101669195749816,0.027920958266575122,0.02865147251412677
inverse_crime,case_009,One central cluster,0.659,0.000117963,0.00017900303490136569,0.6590710000000001,0.00011791152,0.00017890564142558236,True,0.00010773899848261494,-0.0004364080262454866,-0.0005440884051881546
grid_only,case_009,One central cluster,0.659,0.000117963,0.00017900303490136569,0.6592250000000001,0.00012184176,0.000184825757518298,True,0.00034142640364192824,0.03288115765112794,0.03252862511599728
operator_only,case_009,One central cluster,0.659,0.000117963,0.00017900303490136569,0.655837,0.00011423520000000001,0.0001741823044445495,True,-0.00479969650986347,-0.03160143434805819,-0.02693099845749822
full_mismatch,case_009,One central cluster,0.659,0.000117963,0.00017900303490136569,0.658609,0.00012113520000000001,0.00018392581941637605,True,-0.0005933232169954935,0.02689148292261147,0.027501123194491724
inverse_crime,case_009,Many clusters,0.659,0.000117963,0.00017900303490136569,0.6590710000000001,0.0001178784,0.00017885538887312593,True,0.00010773899848261494,-0.000717174029144696,-0.0008248241618982241
grid_only,case_009,Many clusters,0.659,0.000117963,0.00017900303490136569,0.6590710000000001,0.00012196320000000001,0.00018505320367608345,True,0.00010773899848261494,0.033910632995091824,0.033799252498995506
operator_only,case_009,Many clusters,0.659,0.000117963,0.00017900303490136569,0.6549130000000001,0.00011522879999999999,0.00017594520188177662,True,-0.00620182094081935,-0.023178454261081907,-0.01708257640030514
full_mismatch,case_009,Many clusters,0.659,0.000117963,0.00017900303490136569,0.6586860000000001,0.00012120144000000001,0.0001840048824477824,True,-0.00047647951441566835,0.02745301492840989,0.027942808618707633
inverse_crime,case_009,Clusters + singles,0.659,0.000117963,0.00017900303490136569,0.6590710000000001,0.00011791152,0.00017890564142558236,True,0.00010773899848261494,-0.0004364080262454866,-0.0005440884051881546
grid_only,case_009,Clusters + singles,0.659,0.000117963,0.00017900303490136569,0.6590710000000001,0.00012181968,0.00018483544261543898,True,0.00010773899848261494,0.0326939803158618,0.03258273088658566
operator_only,case_009,Clusters + singles,0.659,0.000117963,0.00017900303490136569,0.655452,0.00011403648,0.0001739814357115395,True,-0.005383915022761753,-0.033286030365453564,-0.028053151124466665
full_mismatch,case_009,Clusters + singles,0.659,0.000117963,0.00017900303490136569,0.6588400000000001,0.00012144432000000001,0.00018433052030842085,True,-0.00024279210925635502,0.029511965616337427,0.02976198370039211
inverse_crime,case_010,Random spaced,0.881,0.000147448,0.00016736435868331442,0.8809850000000001,0.00014745456,0.00016737465450603582,True,-1.7026106696794804e-05,4.449026097334736e-05,6.151741507213259e-05
grid_only,case_010,Random spaced,0.881,0.000147448,0.00016736435868331442,0.8806,0.00015137376,0.00017189843288666816,True,-0.00045402951191822466,0.026624708371764956,0.027091038014450158
operator_only,case_010,Random spaced,0.881,0.000147448,0.00016736435868331442,0.8732850000000001,0.00014237616,0.0001630351603428434,True,-0.008757094211123627,-0.03439748250230588,-0.02586690723478764
full_mismatch,case_010,Random spaced,0.881,0.000147448,0.00016736435868331442,0.880061,0.00015047952,0.00017098760199577075,True,-0.001065834279228176,0.02055992621127449,0.021648834560482496
inverse_crime,case_010,One central cluster,0.881,0.000147448,0.00016736435868331442,0.8810620000000001,0.00014745456,0.00016736002687665566,True,7.037457434746596e-05,4.449026097334736e-05,-2.5882491904743284e-05
grid_only,case_010,One central cluster,0.881,0.000147448,0.00016736435868331442,0.8809850000000001,0.00015131856,0.00017176065426766627,True,-1.7026106696794804e-05,0.02625033910259879,0.026267812447873025
operator_only,case_010,One central cluster,0.881,0.000147448,0.00016736435868331442,0.8733620000000001,0.0001452576,0.00016632003682321876,True,-0.008669693530079367,-0.014855406651836616,-0.0062398103653103386
full_mismatch,case_010,One central cluster,0.881,0.000147448,0.00016736435868331442,0.8802920000000001,0.00015093216,0.00017145692565648672,True,-0.0008036322360952678,0.023629754218436376,0.02445303770390099
inverse_crime,case_010,Many clusters,0.881,0.000147448,0.00016736435868331442,0.8810620000000001,0.00014734416,0.00016723472354953451,True,7.037457434746596e-05,-0.0007042482773587977,-0.0007745683417889422
grid_only,case_010,Many clusters,0.881,0.000147448,0.00016736435868331442,0.8810620000000001,0.0001513848,0.000171820825322168,True,7.037457434746596e-05,0.02669958222559808,0.02662733376397102
operator_only,case_010,Many clusters,0.881,0.000147448,0.00016736435868331442,0.873131,0.00014583168,0.00016702153514192028,True,-0.008931895573212275,-0.010961966252509461,-0.002048366474745257
full_mismatch,case_010,Many clusters,0.881,0.000147448,0.00016736435868331442,0.8802920000000001,0.0001513296,0.0001719084122086762,True,-0.0008036322360952678,0.0263252129564321,0.027150664341623706
inverse_crime,case_010,Clusters + singles,0.881,0.000147448,0.00016736435868331442,0.8812160000000001,0.0001474656,0.00016734330742973344,True,0.0002451759364359875,0.00011936411480665379,-0.0001257809831590704
grid_only,case_010,Clusters + singles,0.881,0.000147448,0.00016736435868331442,0.8809850000000001,0.00015141792,0.00017187343711867964,True,-1.7026106696794804e-05,0.026924203787097815,0.02694168860585944
operator_only,case_010,Clusters + singles,0.881,0.000147448,0.00016736435868331442,0.8740550000000001,0.00014406528,0.00016482404425350805,True,-0.007883087400680895,-0.022941782865823965,-0.01517834770671295
full_mismatch,case_010,Clusters + singles,0.881,0.000147448,0.00016736435868331442,0.8803690000000001,0.00015097632,0.0001714920902485208,True,-0.000716231555051007,0.023929249633769235,0.02466314571202603
inverse_crime,case_011,Random spaced,0.996,0.000128428,0.00012894377510040163,0.9960230000000001,0.00012826704,0.00012877919485795004,True,2.3092369478018342e-05,-0.0012533092472047482,-0.0012763721422258461
grid_only,case_011,Random spaced,0.996,0.000128428,0.00012894377510040163,0.9960230000000001,0.00013249536,0.00013302439803096914,True,2.3092369478018342e-05,0.03167035225963173,0.03164652909681096
operator_only,case_011,Random spaced,0.996,0.000128428,0.00012894377510040163,0.986013,0.0001247232,0.0001264924498967052,True,-0.010027108433734907,-0.028847291867817135,-0.01901080685583864
full_mismatch,case_011,Random spaced,0.996,0.000128428,0.00012894377510040163,0.9950990000000001,0.00013141344000000001,0.0001320606693404375,True,-0.0009046184738955116,0.02324602111689042,0.024172506486714106
inverse_crime,case_011,One central cluster,0.996,0.000128428,0.00012894377510040163,0.9958690000000001,0.00012841056,0.00012894322446024527,True,-0.00013152610441755143,-0.00013579593235120294,-4.27038960141264e-06
grid_only,case_011,One central cluster,0.996,0.000128428,0.00012894377510040163,0.9958690000000001,0.0001323408,0.00013288976763007983,True,-0.00013152610441755143,0.03046687638209726,0.030602427504590017
operator_only,case_011,One central cluster,0.996,0.000128428,0.00012894377510040163,0.9869370000000001,0.00012465696,0.00012630690712781058,True,-0.009099397590361378,-0.029363067243903338,-0.020449750059961122
full_mismatch,case_011,One central cluster,0.996,0.000128428,0.00012894377510040163,0.99533,0.00013157904,0.00013219639717480634,True,-0.000672690763052157,0.024535459557105822,0.02522511902472275
inverse_crime,case_011,Many clusters,0.996,0.000128428,0.00012894377510040163,0.9959460000000001,0.00012855408,0.00012907735961588276,True,-5.4216867469766535e-05,0.0009817173825021313,0.001035990418126974
grid_only,case_011,Many clusters,0.996,0.000128428,0.00012894377510040163,0.9961000000000001,0.0001323408,0.00013285894990462804,True,0.00010040160642580323,0.03046687638209726,0.030363426238900433
operator_only,case_011,Many clusters,0.996,0.000128428,0.00012894377510040163,0.986398,0.00012551808,0.00012724891980721778,True,-0.009640562248995984,-0.022657987354782486,-0.013144142025190122
full_mismatch,case_011,Many clusters,0.996,0.000128428,0.00012894377510040163,0.9949450000000001,0.00013177776,0.0001324472810054827,True,-0.0010592369477910814,0.02608278568536443,0.027170802951542786
inverse_crime,case_011,Clusters + singles,0.996,0.000128428,0.00012894377510040163,0.9961000000000001,0.00012843264,0.00012893548840477864,True,0.00010040160642580323,3.61291930108647e-05,-6.42659610092554e-05
grid_only,case_011,Clusters + singles,0.996,0.000128428,0.00012894377510040163,0.9961000000000001,0.0001325064,0.00013302519827326572,True,0.00010040160642580323,0.03175631482231287,0.031652735230421974
operator_only,case_011,Clusters + singles,0.996,0.000128428,0.00012894377510040163,0.9858590000000002,0.00012747215999999999,0.0001293005997815103,True,-0.010181726907630365,-0.007442613760239395,0.002767288927525358
full_mismatch,case_011,Clusters + singles,0.996,0.000128428,0.00012894377510040163,0.9948680000000001,0.00013164528,0.00013232436865996292,True,-0.0011365461847388663,0.025051234933192026,0.0262175786068696
inverse_crime,case_012,Random spaced,0.785,0.000148539,0.0001892216560509554,0.785043,0.00014842607999999998,0.00018906745235611295,True,5.477707006371369e-05,-0.0007602043907661408,-0.0008149368209784625
grid_only,case_012,Random spaced,0.785,0.000148539,0.0001892216560509554,0.784966,0.00015253296,0.00019431791950224594,True,-4.331210191080063e-05,0.026888291963726697,0.02693277058054168
operator_only,case_012,Random spaced,0.785,0.000148539,0.0001892216560509554,0.778883,0.00014479392,0.00018589944831251935,True,-0.007792356687898139,-0.025212772403207177,-0.017557227897537282
full_mismatch,case_012,Random spaced,0.785,0.000148539,0.0001892216560509554,0.7844270000000001,0.00015172704,0.00019342404073291713,True,-0.0007299363057324008,0.021462646173732152,0.022208793484135247
inverse_crime,case_012,One central cluster,0.785,0.000148539,0.0001892216560509554,0.784966,0.00014852544,0.0001892125773600385,True,-4.331210191080063e-05,-9.128915638317155e-05,-4.797913254937043e-05
grid_only,case_012,One central cluster,0.785,0.000148539,0.0001892216560509554,0.784966,0.00015261024,0.00019441636962620038,True,-4.331210191080063e-05,0.027408559368246807,0.02745306051991271
operator_only,case_012,One central cluster,0.785,0.000148539,0.0001892216560509554,0.779037,0.00014639472,0.0001879175443528356,True,-0.00759617834394911,-0.014435804738149607,-0.006891979096560727
full_mismatch,case_012,One central cluster,0.785,0.000148539,0.0001892216560509554,0.7844270000000001,0.00015202512,0.00019380403785183324,True,-0.0007299363057324008,0.023469391876880876,0.02421700505381828
inverse_crime,case_012,Many clusters,0.785,0.000148539,0.0001892216560509554,0.784966,0.00014863584,0.0001893532203942591,True,-4.331210191080063e-05,0.0006519499929311374,0.0006952922094090023
grid_only,case_012,Many clusters,0.785,0.000148539,0.0001892216560509554,0.7848890000000001,0.00015258816,0.00019440731109749278,True,-0.00014140127388531494,0.027259911538383943,0.027405187940755263
operator_only,case_012,Many clusters,0.785,0.000148539,0.0001892216560509554,0.7792680000000001,0.00014495952,0.0001860201111812624,True,-0.007301910828025426,-0.024097913679235805,-0.016919547881088483
full_mismatch,case_012,Many clusters,0.785,0.000148539,0.0001892216560509554,0.7843500000000001,0.00015246672,0.00019438607764390894,True,-0.0008280254777069152,0.02644234847413811,0.027292973229041097
inverse_crime,case_012,Clusters + singles,0.785,0.000148539,0.0001892216560509554,0.784966,0.00014854752,0.00018924070596688263,True,-4.331210191080063e-05,5.735867347969024e-05,0.00010067513584233276
grid_only,case_012,Clusters + singles,0.785,0.000148539,0.0001892216560509554,0.78512,0.00015262128,0.00019439229671897287,True,0.000152866242038228,0.027482883283178147,0.02732583984269263
operator_only,case_012,Clusters + singles,0.785,0.000148539,0.0001892216560509554,0.7794220000000001,0.00014620704,0.000187583927577102,True,-0.007105732484076397,-0.01569931129198384,-0.008655079487373115
full_mismatch,case_012,Clusters + singles,0.785,0.000148539,0.0001892216560509554,0.7845810000000001,0.00015208032,0.00019383635341666442,True,-0.0005337579617833722,0.02384101145153794,0.024387786588583357
inverse_crime,case_013,Random spaced,0.761,0.000149902,0.00019698028909329827,0.7610190000000001,0.00015002688,0.00019713946695154783,True,2.496714848896487e-05,0.0008330776107057158,0.0008080902865066601
grid_only,case_013,Random spaced,0.761,0.000149902,0.00019698028909329827,0.760942,0.00015374736,0.00020204872381863532,True,-7.621550591327529e-05,0.02565249296206864,0.025730669543978724
operator_only,case_013,Random spaced,0.761,0.000149902,0.00019698028909329827,0.755398,0.00014480496,0.00019169359728249212,True,-0.007361366622864646,-0.03400248162132592,-0.026838684393960546
full_mismatch,case_013,Random spaced,0.761,0.000149902,0.00019698028909329827,0.7603260000000001,0.00015294144,0.000201152453026728,True,-0.0008856767411300295,0.020276180437886173,0.021180616358287552
inverse_crime,case_013,One central cluster,0.761,0.000149902,0.00019698028909329827,0.761096,0.00014988336,0.00019693095220576644,True,0.00012614980289091325,-0.00012434790729927433,-0.0002504661139392414
grid_only,case_013,One central cluster,0.761,0.000149902,0.00019698028909329827,0.7610190000000001,0.0001537584,0.00020204278736798945,True,2.496714848896487e-05,0.02572614107883817,0.025700532261344042
operator_only,case_013,One central cluster,0.761,0.000149902,0.00019698028909329827,0.7553210000000001,0.00014781888,0.0001957033896846506,True,-0.007462549277266595,-0.013896545743218781,-0.006482371482574424
full_mismatch,case_013,One central cluster,0.761,0.000149902,0.00019698028909329827,0.76048,0.0001532064,0.00020146013044393014,True,-0.000683311432325841,0.02204373524035709,0.02274258694234137
inverse_crime,case_013,Many clusters,0.761,0.000149902,0.00019698028909329827,0.7610190000000001,0.00014980608,0.0001968493296487998,True,2.496714848896487e-05,-0.0006398847246867158,-0.0006648352741346873
grid_only,case_013,Many clusters,0.761,0.000149902,0.00019698028909329827,0.7610190000000001,0.00015397919999999998,0.00020233292467073747,True,2.496714848896487e-05,0.027199103414230603,0.027173457821985252
operator_only,case_013,Many clusters,0.761,0.000149902,0.00019698028909329827,0.7553210000000001,0.00014916576,0.00019748657855401874,True,-0.007462549277266595,-0.0049114754973247675,0.0025702544302829877
full_mismatch,case_013,Many clusters,0.761,0.000149902,0.00019698028909329827,0.760403,0.00015368112,0.0002021048312539535,True,-0.0007844940867279352,0.02521060426145091,0.026015507359865953
inverse_crime,case_013,Clusters + singles,0.761,0.000149902,0.00019698028909329827,0.761096,0.00014991648,0.0001969744683982047,True,0.00012614980289091325,9.65964430095e-05,-2.954963220103291e-05
grid_only,case_013,Clusters + singles,0.761,0.000149902,0.00019698028909329827,0.7608650000000001,0.00015395712,0.0002023448574977164,True,-0.00017739816031522366,0.02705180718069154,0.027234036608999156
operator_only,case_013,Clusters + singles,0.761,0.000149902,0.00019698028909329827,0.7557830000000001,0.0001477968,0.00019555454409532892,True,-0.006855453350854029,-0.014043841976758023,-0.007238008455221876
full_mismatch,case_013,Clusters + singles,0.761,0.000149902,0.00019698028909329827,0.760634,0.00015293040000000002,0.0002010564870884026,True,-0.0004809461235216524,0.020202532321116642,0.020693430869997687
inverse_crime,case_014,Random spaced,0.675,0.000116995,0.0001733259259259259,0.675087,0.00011691792,0.00017318941114256384,True,0.00012888888888881218,-0.000658831573998874,-0.0007876189475567073
grid_only,case_014,Random spaced,0.675,0.000116995,0.0001733259259259259,0.674933,0.00012106896000000001,0.0001793792272714477,True,-9.92592592593174e-05,0.034821659045258455,0.03492438487309033
operator_only,case_014,Random spaced,0.675,0.000116995,0.0001733259259259259,0.67039,0.00011334096000000001,0.00016906719968973283,True,-0.006829629629629633,-0.03123244583101835,-0.02457062446626203
full_mismatch,case_014,Random spaced,0.675,0.000116995,0.0001733259259259259,0.674625,0.00012017472000000001,0.0001781355864369094,True,-0.0005555555555555766,0.027178255481003583,0.027749227273933537
inverse_crime,case_014,One central cluster,0.675,0.000116995,0.0001733259259259259,0.6747020000000001,0.00011700624,0.00017341913911623203,True,-0.00044148148148134733,9.607248172999061e-05,0.0005377913881501922
grid_only,case_014,One central cluster,0.675,0.000116995,0.0001733259259259259,0.675087,0.00012095856000000002,0.00017917477302925404,True,0.00012888888888881218,0.03387802897559737,0.033744790758122055
operator_only,case_014,One central cluster,0.675,0.000116995,0.0001733259259259259,0.671314,0.00011326368,0.00016871937722138969,True,-0.005460740740740856,-0.031892986879781225,-0.026577378311568454
full_mismatch,case_014,One central cluster,0.675,0.000116995,0.0001733259259259259,0.674625,0.00012026303999999999,0.00017826650361311836,True,-0.0005555555555555766,0.027933159536732217,0.028504550953928846
inverse_crime,case_014,Many clusters,0.675,0.000116995,0.0001733259259259259,0.6751640000000001,0.00011698416,0.0001732677690161205,True,0.00024296296296304144,-9.265353220222552e-05,-0.00033553497259407794
grid_only,case_014,Many clusters,0.675,0.000116995,0.0001733259259259259,0.6750100000000001,0.00012080399999999999,0.00017896623753722163,True,1.4814814814911868e-05,0.032556946878071626,0.03254164996473876
operator_only,case_014,Many clusters,0.675,0.000116995,0.0001733259259259259,0.6707750000000001,0.00011426831999999999,0.00017035268159964218,True,-0.006259259259259145,-0.023305953245865273,-0.01715406573136903
full_mismatch,case_014,Many clusters,0.675,0.000116995,0.0001733259259259259,0.6745480000000001,0.00012048384000000001,0.00017861418312707173,True,-0.0006696296296294768,0.02982041967605461,0.03051048002712448
inverse_crime,case_014,Clusters + singles,0.675,0.000116995,0.0001733259259259259,0.674933,0.00011703935999999999,0.00017340885687912723,True,-9.92592592593174e-05,0.000379161502628199,0.00047846825429197627
grid_only,case_014,Clusters + singles,0.675,0.000116995,0.0001733259259259259,0.675087,0.00012110208,0.00017938736785036595,True,0.00012888888888881218,0.03510474806615666,0.03497135175859678
operator_only,case_014,Clusters + singles,0.675,0.000116995,0.0001733259259259259,0.6710830000000001,0.00011452224,0.00017065287006227245,True,-0.005802962962962886,-0.02113560408564467,-0.015422135202069188
full_mismatch,case_014,Clusters + singles,0.675,0.000116995,0.0001733259259259259,0.6747020000000001,0.00012051696,0.00017862250297168226,True,-0.00044148148148134733,0.03010350869695282,0.030558481181978178
inverse_crime,case_015,Random spaced,0.64,0.000120253,0.0001878953125,0.6400520000000001,0.00012037343999999998,0.00018806821945716907,True,8.125000000008126e-05,0.0010015550547594005,0.0009202302860487094
grid_only,case_015,Random spaced,0.64,0.000120253,0.0001878953125,0.6399750000000001,0.00012427055999999999,0.00019418033516934252,True,-3.906249999990896e-05,0.03340922887578675,0.033449598000708666
operator_only,case_015,Random spaced,0.64,0.000120253,0.0001878953125,0.6358170000000001,0.00011661984000000001,0.00018341730403559513,True,-0.006535937499999901,-0.03021263502781631,-0.023832465029721573
full_mismatch,case_015,Random spaced,0.64,0.000120253,0.0001878953125,0.639513,0.00012333216,0.00019285324926936588,True,-0.0007609375000000237,0.025605681355142792,0.026386697482758625
inverse_crime,case_015,One central cluster,0.64,0.000120253,0.0001878953125,0.6398980000000001,0.00012034032,0.00018806172233699743,True,-0.00015937499999989918,0.0007261357305014953,0.0008856518812700028
grid_only,case_015,One central cluster,0.64,0.000120253,0.0001878953125,0.6397440000000001,0.0001243368,0.00019435399159663865,True,-0.0003999999999998796,0.03396006752430301,0.03437381705112341
operator_only,case_015,One central cluster,0.64,0.000120253,0.0001878953125,0.636664,0.00011650944,0.0001829998869105211,True,-0.005212500000000009,-0.031130699442009815,-0.026054005948013742
full_mismatch,case_015,One central cluster,0.64,0.000120253,0.0001878953125,0.639667,0.00012347568,0.0001930311865392462,True,-0.0005203125000000433,0.026799165093594316,0.02733369965919838
inverse_crime,case_015,Many clusters,0.64,0.000120253,0.0001878953125,0.6399750000000001,0.00012015263999999999,0.0001877458338216336,True,-3.906249999990896e-05,-0.0008345737736273861,-0.000795542349500509
grid_only,case_015,Many clusters,0.64,0.000120253,0.0001878953125,0.640206,0.00012413808,0.00019390333736328617,True,0.0003218750000000617,0.03230755157875468,0.031975384501868195
operator_only,case_015,Many clusters,0.64,0.000120253,0.0001878953125,0.636202,0.00011739264000000001,0.00018452101690972364,True,-0.00593437499999995,-0.023786184128462444,-0.017958380895086716
full_mismatch,case_015,Many clusters,0.64,0.000120253,0.0001878953125,0.639513,0.00012370752,0.00019344019589906695,True,-0.0007609375000000237,0.028727100363400555,0.029510493504551715
inverse_crime,case_015,Clusters + singles,0.64,0.000120253,0.0001878953125,0.6400520000000001,0.00012053904,0.00018832694843543959,True,8.125000000008126e-05,0.0023786516760496033,0.0022972150273285765
grid_only,case_015,Clusters + singles,0.64,0.000120253,0.0001878953125,0.6398980000000001,0.00012427055999999999,0.00019420370121488108,True,-0.00015937499999989918,0.03340922887578675,0.033573954724821
operator_only,case_015,Clusters + singles,0.64,0.000120253,0.0001878953125,0.6363560000000001,0.00011830896,0.0001859163109957319,True,-0.005693749999999796,-0.016166249490657168,-0.010532468734514494
full_mismatch,case_015,Clusters + singles,0.64,0.000120253,0.0001878953125,0.6397440000000001,0.00012374064,0.000193422118847539,True,-0.0003999999999998796,0.02900251968765846,0.0294142854018192
