record_id,case_id,ic_name,recovered_ic_name,ic_correct,feature_set,single_snapshot,k_fixed,true_rhat,true_dhat,true_alpha,true_tau,estimated_rhat,estimated_dhat,estimated_alpha,estimated_dhat_over_rhat,estimated_tau,rhat_relative_error,dhat_relative_error,alpha_relative_error,rhat_signed_relative_error,dhat_signed_relative_error,dimensions_used,estimated_length_scale_ratio,loss,loss_at_true_parameters,estimate_loss_not_above_truth,success,any_start_succeeded,coarse_rhat,coarse_dhat
case_000|Random spaced|h0,case_000,Random spaced,Random spaced,True,h0,True,1.0,0.739,9.5759e-05,0.00012957916102841678,0.739,0.739074,9.575424e-05,0.00012955974638534165,0.00012955974638534165,0.739074,0.00010013531799731867,4.970812142992018e-05,0.00014982843630914546,0.00010013531799731867,-4.970812142992018e-05,h0,0.011382431479492493,4.5252651904960105e-07,0.0,False,True,True,0.75,9.6e-05
case_000|Random spaced|h0h1,case_000,Random spaced,Random spaced,True,h0h1,True,1.0,0.739,9.5759e-05,0.00012957916102841678,0.739,0.73892,9.572112e-05,0.00012954192605424132,0.00012954192605424132,0.73892,0.00010825439783487008,0.0003955763949081252,0.00028735310431049976,-0.00010825439783487008,-0.0003955763949081252,h0h1,0.011381648652732227,5.659014811531798e-07,0.0,False,True,True,0.75,9.6e-05
case_000|One central cluster|h0,case_000,One central cluster,One central cluster,True,h0,True,1.0,0.739,9.5759e-05,0.00012957916102841678,0.739,0.7389970000000001,9.578736000000001e-05,0.00012961806340215182,0.00012961806340215182,0.7389970000000001,4.05953991862547e-06,0.0002961601520484264,0.00030022091072579314,-4.05953991862547e-06,0.0002961601520484264,h0,0.011384992903034758,2.764249984823149e-07,0.0,False,True,True,0.75,9.6e-05
case_000|One central cluster|h0h1,case_000,One central cluster,One central cluster,True,h0h1,True,1.0,0.739,9.5759e-05,0.00012957916102841678,0.739,0.7393050000000001,9.578736000000001e-05,0.00012956406354616836,0.00012956406354616836,0.7393050000000001,0.00041271989174575203,0.0002961601520484264,0.00011651165302042952,0.00041271989174575203,0.0002961601520484264,h0h1,0.011382621119327849,4.850330608321819e-06,0.0,False,True,True,0.75,9.6e-05
case_000|Many clusters|h0,case_000,Many clusters,Many clusters,True,h0,True,1.0,0.739,9.5759e-05,0.00012957916102841678,0.739,0.738843,9.586463999999999e-05,0.00012974967618289675,0.00012974967618289675,0.738843,0.00021244925575096446,0.00110318612349743,0.001315914944398914,-0.00021244925575096446,0.00110318612349743,h0,0.011390771535892411,1.4018705972559876e-06,0.0,False,True,True,0.75,9.6e-05
case_000|Many clusters|h0h1,case_000,Many clusters,Many clusters,True,h0h1,True,1.0,0.739,9.5759e-05,0.00012957916102841678,0.739,0.7393050000000001,9.569904000000001e-05,0.00012944459999594213,0.00012944459999594213,0.7393050000000001,0.00041271989174575203,0.0006261552438934537,0.001038446548092261,0.00041271989174575203,-0.0006261552438934537,h0h1,0.011377372279922202,2.5848380984912704e-06,0.0,False,True,True,0.75,9.6e-05
case_000|Clusters + singles|h0,case_000,Clusters + singles,Clusters + singles,True,h0,True,1.0,0.739,9.5759e-05,0.00012957916102841678,0.739,0.73892,9.565488e-05,0.00012945228170843932,0.00012945228170843932,0.73892,0.00010825439783487008,0.0010873129418645354,0.0009791645428977183,-0.00010825439783487008,-0.0010873129418645354,h0,0.01137770986220159,9.349646501497699e-07,0.0,False,True,True,0.75,9.6e-05
case_000|Clusters + singles|h0h1,case_000,Clusters + singles,Clusters + singles,True,h0h1,True,1.0,0.739,9.5759e-05,0.00012957916102841678,0.739,0.738843,9.577632e-05,0.00012963013793187454,0.00012963013793187454,0.738843,0.00021244925575096446,0.00018087072755554985,0.0003934035616003165,-0.00021244925575096446,0.00018087072755554985,h0h1,0.011385523173393242,6.588131827327952e-07,0.0,False,True,True,0.75,9.6e-05
case_001|Random spaced|h0,case_001,Random spaced,Random spaced,True,h0,True,1.0,0.852,9.968e-05,0.00011699530516431924,0.852,0.851956,9.961824e-05,0.00011692885548079947,0.00011692885548079947,0.851956,5.164319248818425e-05,0.0006195826645264566,0.0005679688037605006,-5.164319248818425e-05,-0.0006195826645264566,h0,0.010813364669740842,1.63369576619228e-07,0.0,False,True,True,0.85,9.6e-05
case_001|Random spaced|h0h1,case_001,Random spaced,Random spaced,True,h0h1,True,1.0,0.852,9.968e-05,0.00011699530516431924,0.852,0.851956,9.9552e-05,0.00011685110498664249,0.00011685110498664249,0.851956,5.164319248818425e-05,0.0012841091492776491,0.0012325296085533026,-5.164319248818425e-05,-0.0012841091492776491,h0h1,0.010809768960835495,1.5035164197827716e-06,0.0,False,True,True,0.85,9.6e-05
case_001|One central cluster|h0,case_001,One central cluster,One central cluster,True,h0,True,1.0,0.852,9.968e-05,0.00011699530516431924,0.852,0.8516480000000001,9.976176e-05,0.00011713966333508677,0.00011713966333508677,0.8516480000000001,0.00041314553990599525,0.0008202247191011275,0.001233880031038686,-0.00041314553990599525,0.0008202247191011275,h0,0.010823107840869312,8.988497043217438e-06,0.0,False,True,True,0.85,0.000104
case_001|One central cluster|h0h1,case_001,One central cluster,One central cluster,True,h0h1,True,1.0,0.852,9.968e-05,0.00011699530516431924,0.852,0.85211,9.9552e-05,0.00011682998673880132,0.00011682998673880132,0.85211,0.00012910798122072123,0.0012841091492776491,0.001413034696441321,0.00012910798122072123,-0.0012841091492776491,h0h1,0.010808792103597947,6.085766567905353e-06,0.0,False,True,True,0.85,0.000104
case_001|Many clusters|h0,case_001,Many clusters,Many clusters,True,h0,True,1.0,0.852,9.968e-05,0.00011699530516431924,0.852,0.85211,9.956304e-05,0.00011684294281254767,0.00011684294281254767,0.85211,0.00012910798122072123,0.0011733547351524504,0.0013022945797490154,0.00012910798122072123,-0.0011733547351524504,h0,0.010809391417306882,1.000272593096043e-06,0.0,False,True,True,0.85,9.6e-05
case_001|Many clusters|h0h1,case_001,Many clusters,Many clusters,True,h0h1,True,1.0,0.852,9.968e-05,0.00011699530516431924,0.852,0.8518020000000001,9.973968e-05,0.00011709256376481857,0.00011709256376481857,0.8518020000000001,0.00023239436619708974,0.00059871589085073,0.0008313034472855822,-0.00023239436619708974,0.00059871589085073,h0h1,0.010820931741990546,9.064106379403342e-07,0.0,False,True,True,0.85,0.000104
case_001|Clusters + singles|h0,case_001,Clusters + singles,Clusters + singles,True,h0,True,1.0,0.852,9.968e-05,0.00011699530516431924,0.852,0.85211,9.983904000000001e-05,0.00011716684465620636,0.00011716684465620636,0.85211,0.00012910798122072123,0.0015955056179776548,0.00146620833755839,0.00012910798122072123,0.0015955056179776548,h0,0.010824363475798767,2.2038183185620345e-06,0.0,False,True,True,0.85,0.000104
case_001|Clusters + singles|h0h1,case_001,Clusters + singles,Clusters + singles,True,h0h1,True,1.0,0.852,9.968e-05,0.00011699530516431924,0.852,0.85211,9.9552e-05,0.00011682998673880132,0.00011682998673880132,0.85211,0.00012910798122072123,0.0012841091492776491,0.001413034696441321,0.00012910798122072123,-0.0012841091492776491,h0h1,0.010808792103597947,2.979177085774011e-06,0.0,False,True,True,0.85,0.000104
case_002|Random spaced|h0,case_002,Random spaced,Random spaced,True,h0,True,1.0,0.554,8.8424e-05,0.0001596101083032491,0.554,0.5540430000000001,8.833536e-05,0.00015943773317233498,0.00015943773317233498,0.5540430000000001,7.761732851988312e-05,0.0010024427757170829,0.0010799762793633396,7.761732851988312e-05,-0.0010024427757170829,h0,0.012626865532361345,1.0157732368608019e-06,0.0,False,True,True,0.55,8.8e-05
case_002|Random spaced|h0h1,case_002,Random spaced,Random spaced,True,h0h1,True,1.0,0.554,8.8424e-05,0.0001596101083032491,0.554,0.5538890000000001,8.842368e-05,0.00015964151662156134,0.00015964151662156134,0.5538890000000001,0.00020036101083027478,3.6189269882479094e-06,0.0001967815111845321,-0.00020036101083027478,-3.6189269882479094e-06,h0h1,0.012634932394815626,7.714114745993881e-07,0.0,False,True,True,0.55,8.8e-05
case_002|One central cluster|h0,case_002,One central cluster,One central cluster,True,h0,True,1.0,0.554,8.8424e-05,0.0001596101083032491,0.554,0.5535810000000001,8.84016e-05,0.00015969045180380103,0.00015969045180380103,0.5535810000000001,0.0007563176895305906,0.00025332488917045664,0.0005033735106506421,-0.0007563176895305906,-0.00025332488917045664,h0,0.01263686874996338,6.5282428188229574e-06,0.0,False,True,True,0.55,9.6e-05
case_002|One central cluster|h0h1,case_002,One central cluster,One central cluster,True,h0h1,True,1.0,0.554,8.8424e-05,0.0001596101083032491,0.554,0.554274,8.835744e-05,0.00015941112157524977,0.00015941112157524977,0.554274,0.0004945848375451199,0.0007527368135348741,0.0012467050496655769,0.0004945848375451199,-0.0007527368135348741,h0h1,0.012625811719459853,4.855315642825691e-06,0.0,False,True,True,0.55,9.6e-05
case_002|Many clusters|h0,case_002,Many clusters,Many clusters,True,h0,True,1.0,0.554,8.8424e-05,0.0001596101083032491,0.554,0.553812,8.835744e-05,0.00015954410521982189,0.00015954410521982189,0.553812,0.0003393501805055541,0.0007527368135348741,0.00041352696347910124,-0.0003393501805055541,-0.0007527368135348741,h0,0.01263107696199425,7.385141256278703e-07,0.0,False,True,True,0.55,8.8e-05
case_002|Many clusters|h0h1,case_002,Many clusters,Many clusters,True,h0h1,True,1.0,0.554,8.8424e-05,0.0001596101083032491,0.554,0.553966,8.844576000000001e-05,0.00015965918485972067,0.00015965918485972067,0.553966,6.137184115539622e-05,0.0002460870351941141,0.0003074777468249525,-6.137184115539622e-05,0.0002460870351941141,h0h1,0.012635631557612017,7.388280301659269e-08,0.0,False,True,True,0.55,8.8e-05
case_002|Clusters + singles|h0,case_002,Clusters + singles,Clusters + singles,True,h0,True,1.0,0.554,8.8424e-05,0.0001596101083032491,0.554,0.5538890000000001,8.836848e-05,0.00015954185766462232,0.00015954185766462232,0.5538890000000001,0.00020036101083027478,0.0006278838324437697,0.00042760849768431347,-0.00020036101083027478,-0.0006278838324437697,h0,0.01263098799241858,2.817894271164706e-07,0.0,False,True,True,0.55,8.8e-05
case_002|Clusters + singles|h0h1,case_002,Clusters + singles,Clusters + singles,True,h0h1,True,1.0,0.554,8.8424e-05,0.0001596101083032491,0.554,0.5538890000000001,8.83464e-05,0.0001595019940818467,0.0001595019940818467,0.5538890000000001,0.00020036101083027478,0.0008775897946259784,0.0006773645012319196,-0.00020036101083027478,-0.0008775897946259784,h0h1,0.012629409886524655,1.104515829310689e-06,0.0,False,True,True,0.55,8.8e-05
case_003|Random spaced|h0,case_003,Random spaced,Random spaced,True,h0,True,1.0,0.446,9.7078e-05,0.00021766367713004482,0.446,0.44608900000000007,9.716736e-05,0.00021782056943793723,0.00021782056943793723,0.44608900000000007,0.0001995515695068638,0.0009204969200025083,0.0007208015134223675,0.0001995515695068638,0.0009204969200025083,h0,0.014758745523855922,4.111819033111448e-07,0.0,False,True,True,0.45,9.6e-05
case_003|Random spaced|h0h1,case_003,Random spaced,Random spaced,True,h0h1,True,1.0,0.446,9.7078e-05,0.00021766367713004482,0.446,0.44585800000000003,9.707904e-05,0.0002177353327741119,0.0002177353327741119,0.44585800000000003,0.00031838565022416024,1.071303487922074e-05,0.00032920349877339615,-0.00031838565022416024,1.071303487922074e-05,h0h1,0.014755857575014469,1.146868769203866e-06,0.0,False,True,True,0.45,9.6e-05
case_003|One central cluster|h0,case_003,One central cluster,One central cluster,True,h0,True,1.0,0.446,9.7078e-05,0.00021766367713004482,0.446,0.44639700000000004,9.714528e-05,0.00021762081734420257,0.00021762081734420257,0.44639700000000004,0.0008901345291480633,0.0006930509487216865,0.00019690830554444723,0.0008901345291480633,0.0006930509487216865,h0,0.014751976726669636,4.769204454987242e-06,0.0,False,True,True,0.45,9.6e-05
case_003|One central cluster|h0h1,case_003,One central cluster,One central cluster,True,h0h1,True,1.0,0.446,9.7078e-05,0.00021766367713004482,0.446,0.44585800000000003,9.715632e-05,0.00021790866150209258,0.00021790866150209258,0.44585800000000003,0.00031838565022416024,0.0008067739343620973,0.001125517933345368,-0.00031838565022416024,0.0008067739343620973,h0h1,0.014761729624339167,2.5745572448096832e-06,0.0,False,True,True,0.45,9.6e-05
case_003|Many clusters|h0,case_003,Many clusters,Many clusters,True,h0,True,1.0,0.446,9.7078e-05,0.00021766367713004482,0.446,0.44616600000000006,9.718944e-05,0.0002178324659431691,0.0002178324659431691,0.44616600000000006,0.00037219730941716366,0.0011479428912833302,0.0007754569588725992,0.00037219730941716366,0.0011479428912833302,h0,0.014759148550752143,6.898625559259737e-07,0.0,False,True,True,0.45,9.6e-05
case_003|Many clusters|h0h1,case_003,Many clusters,Many clusters,True,h0h1,True,1.0,0.446,9.7078e-05,0.00021766367713004482,0.446,0.44624300000000006,9.70128e-05,0.0002173990404331272,0.0002173990404331272,0.44624300000000006,0.0005448430493274635,0.000671624878963245,0.0012158055051119125,0.0005448430493274635,-0.000671624878963245,h0h1,0.014744457956572267,1.9186552548908504e-06,0.0,False,True,True,0.45,9.6e-05
case_003|Clusters + singles|h0,case_003,Clusters + singles,Clusters + singles,True,h0,True,1.0,0.446,9.7078e-05,0.00021766367713004482,0.446,0.44570400000000004,9.713424e-05,0.00021793441387108931,0.00021793441387108931,0.44570400000000004,0.00066367713004476,0.0005793279630812755,0.0012438305950456887,-0.00066367713004476,0.0005793279630812755,h0,0.0147626018665779,3.23702729903454e-06,0.0,False,True,True,0.45,9.6e-05
case_003|Clusters + singles|h0h1,case_003,Clusters + singles,Clusters + singles,True,h0h1,True,1.0,0.446,9.7078e-05,0.00021766367713004482,0.446,0.44585800000000003,9.715632e-05,0.00021790866150209258,0.00021790866150209258,0.44585800000000003,0.00031838565022416024,0.0008067739343620973,0.001125517933345368,-0.00031838565022416024,0.0008067739343620973,h0h1,0.014761729624339167,1.1242582662847797e-06,0.0,False,True,True,0.45,9.6e-05
case_004|Random spaced|h0,case_004,Random spaced,Random spaced,True,h0,True,1.0,0.919,0.000132925,0.00014464091403699672,0.919,0.9187150000000001,0.00013259472,0.00014432628181753864,0.00014432628181753864,0.9187150000000001,0.000310119695320979,0.0024847094226066145,0.0021752643195936017,-0.000310119695320979,-0.0024847094226066145,h0,0.01201358738335634,3.64676454453724e-06,0.0,False,True,True,0.9,0.000128
case_004|Random spaced|h0h1,case_004,Random spaced,Random spaced,True,h0h1,True,1.0,0.919,0.000132925,0.00014464091403699672,0.919,0.9189460000000002,0.00013303632,0.00014477055235019248,0.00014477055235019248,0.9189460000000002,5.8759521218593545e-05,0.0008374647357533066,0.0008962769217746777,-5.8759521218593545e-05,0.0008374647357533066,h0h1,0.012032063511725347,5.239975130810269e-07,0.0,False,True,True,0.9,0.000136
case_004|One central cluster|h0,case_004,One central cluster,One central cluster,True,h0,True,1.0,0.919,0.000132925,0.00014464091403699672,0.919,0.9191770000000001,0.00013284864,0.00014452998715154967,0.00014452998715154967,0.9191770000000001,0.0001926006528836711,0.0005744592815497618,0.0007669122266378977,0.0001926006528836711,-0.0005744592815497618,h0,0.01202206251653807,2.0513353821322858e-06,0.0,False,True,True,0.9,0.000128
case_004|One central cluster|h0h1,case_004,One central cluster,One central cluster,True,h0h1,True,1.0,0.919,0.000132925,0.00014464091403699672,0.919,0.9191000000000001,0.0001330584,0.00014477031879012075,0.00014477031879012075,0.9191000000000001,0.00010881392818291622,0.0010035734436713026,0.0008946621637839473,0.00010881392818291622,0.0010035734436713026,h0h1,0.01203205380598511,1.2694489731371488e-06,0.0,False,True,True,0.95,0.000136
case_004|Many clusters|h0,case_004,Many clusters,Many clusters,True,h0,True,1.0,0.919,0.000132925,0.00014464091403699672,0.919,0.9189460000000002,0.00013295904,0.00014468645600503182,0.00014468645600503182,0.9189460000000002,5.8759521218593545e-05,0.00025608425804021843,0.0003148622804156808,-5.8759521218593545e-05,0.00025608425804021843,h0,0.01202856832732108,8.89241077208111e-08,0.0,False,True,True,0.9,0.000128
case_004|Many clusters|h0h1,case_004,Many clusters,Many clusters,True,h0h1,True,1.0,0.919,0.000132925,0.00014464091403699672,0.919,0.9187150000000001,0.00013300320000000001,0.0001447709028371149,0.0001447709028371149,0.9187150000000001,0.000310119695320979,0.0005883016738764145,0.0008987000737904822,-0.000310119695320979,0.0005883016738764145,h0h1,0.012032078076421999,1.157034859134342e-06,0.0,False,True,True,0.9,0.000136
case_004|Clusters + singles|h0,case_004,Clusters + singles,Clusters + singles,True,h0,True,1.0,0.919,0.000132925,0.00014464091403699672,0.919,0.9189460000000002,0.00013287072000000002,0.00014459034589627681,0.00014459034589627681,0.9189460000000002,5.8759521218593545e-05,0.00040835057363156193,0.0003496115954229586,-5.8759521218593545e-05,-0.00040835057363156193,h0,0.012024572586843859,1.1863338248110437e-07,0.0,False,True,True,0.9,0.000128
case_004|Clusters + singles|h0h1,case_004,Clusters + singles,Clusters + singles,True,h0h1,True,1.0,0.919,0.000132925,0.00014464091403699672,0.919,0.918869,0.00013289280000000002,0.00014462649191560495,0.00014462649191560495,0.918869,0.00014254624591946924,0.00024224186571356583,9.970983305652791e-05,-0.00014254624591946924,-0.00024224186571356583,h0h1,0.012026075499330817,6.766130569910884e-07,0.0,False,True,True,0.9,0.000136
case_005|Random spaced|h0,case_005,Random spaced,Random spaced,True,h0,True,1.0,0.593,0.000129431,0.0002182647554806071,0.593,0.592774,0.00012918336,0.00021793020611565283,0.00021793020611565283,0.592774,0.00038111298482284737,0.0019132974326089083,0.0015327686058045052,-0.00038111298482284737,-0.0019132974326089083,h0,0.014762459351871315,2.048871334827176e-06,0.0,False,True,True,0.6,0.000128
case_005|Random spaced|h0h1,case_005,Random spaced,Random spaced,True,h0h1,True,1.0,0.593,0.000129431,0.0002182647554806071,0.593,0.5930820000000001,0.00012922752,0.0002178914888666322,0.0002178914888666322,0.5930820000000001,0.00013827993254660628,0.0015721117815670463,0.001710155233963362,0.00013827993254660628,-0.0015721117815670463,h0h1,0.014761147952196407,1.7695526543160102e-06,0.0,False,True,True,0.6,0.000128
case_005|One central cluster|h0,case_005,One central cluster,One central cluster,True,h0,True,1.0,0.593,0.000129431,0.0002182647554806071,0.593,0.5933130000000001,0.00012950352,0.0002182718396529319,0.0002182718396529319,0.5933130000000001,0.0005278246205735561,0.0005602985374446965,3.245678538064178e-05,0.0005278246205735561,0.0005602985374446965,h0,0.01477402584446541,4.847053973057255e-07,0.0,False,True,True,0.6,0.000128
case_005|One central cluster|h0h1,case_005,One central cluster,One central cluster,True,h0h1,True,1.0,0.593,0.000129431,0.0002182647554806071,0.593,0.5933130000000001,0.00012950352,0.0002182718396529319,0.0002182718396529319,0.5933130000000001,0.0005278246205735561,0.0005602985374446965,3.245678538064178e-05,0.0005278246205735561,0.0005602985374446965,h0h1,0.01477402584446541,4.826846989229787e-07,0.0,False,True,True,0.6,0.000128
case_005|Many clusters|h0,case_005,Many clusters,Many clusters,True,h0,True,1.0,0.593,0.000129431,0.0002182647554806071,0.593,0.592851,0.00012954768,0.0002185164231822161,0.0002185164231822161,0.592851,0.00025126475548053074,0.0009014841884865586,0.0011530386619445065,-0.00025126475548053074,0.0009014841884865586,h0,0.01478230101108133,1.3485339592438508e-06,0.0,False,True,True,0.6,0.000128
case_005|Many clusters|h0h1,case_005,Many clusters,Many clusters,True,h0h1,True,1.0,0.593,0.000129431,0.0002182647554806071,0.593,0.5933130000000001,0.00012943728,0.00021816019537748203,0.00021816019537748203,0.5933130000000001,0.0005278246205735561,4.85200608819034e-05,0.00047905170440753375,0.0005278246205735561,4.85200608819034e-05,h0h1,0.014770246963997659,1.7869523645304158e-06,0.0,False,True,True,0.6,0.000128
case_005|Clusters + singles|h0,case_005,Clusters + singles,Clusters + singles,True,h0,True,1.0,0.593,0.000129431,0.0002182647554806071,0.593,0.592697,0.00012934896,0.00021823791920660979,0.00021823791920660979,0.592697,0.0005109612141651639,0.0006338512412018207,0.00012295285117483822,-0.0005109612141651639,-0.0006338512412018207,h0,0.014772877824127896,1.290854898735089e-06,0.0,False,True,True,0.6,0.000128
case_005|Clusters + singles|h0h1,case_005,Clusters + singles,Clusters + singles,True,h0h1,True,1.0,0.593,0.000129431,0.0002182647554806071,0.593,0.5932360000000001,0.00012950352,0.00021830017058978212,0.00021830017058978212,0.5932360000000001,0.0003979763912312395,0.0005602985374446965,0.00016225757153065637,0.0003979763912312395,0.0005602985374446965,h0h1,0.01477498462231965,1.6342452206142684e-06,0.0,False,True,True,0.6,0.000128
case_006|Random spaced|h0,case_006,Random spaced,Random spaced,True,h0,True,1.0,0.712,0.000126296,0.00017738202247191012,0.712,0.7120470000000001,0.0001262136,0.00017725459134017838,0.00017725459134017838,0.7120470000000001,6.601123595523914e-05,0.0006524355482358185,0.0007183993617612271,6.601123595523914e-05,-0.0006524355482358185,h0,0.013313699385977528,5.703571813803748e-07,0.0,False,True,True,0.7,0.00012
case_006|Random spaced|h0h1,case_006,Random spaced,Random spaced,True,h0h1,True,1.0,0.712,0.000126296,0.00017738202247191012,0.712,0.712124,0.00012634608,0.00017742146030747454,0.00017742146030747454,0.712124,0.00017415730337080477,0.00039652878951041055,0.00022233276526470384,0.00017415730337080477,0.00039652878951041055,h0h1,0.013319964726209846,9.494954325451672e-07,0.0,False,True,True,0.7,0.000128
case_006|One central cluster|h0,case_006,One central cluster,One central cluster,True,h0,True,1.0,0.712,0.000126296,0.00017738202247191012,0.712,0.711739,0.00012625776,0.0001773933422223596,0.0001773933422223596,0.711739,0.00036657303370780296,0.00030278076898707557,6.38156578200169e-05,-0.00036657303370780296,-0.00030278076898707557,h0,0.013318909197917058,5.993902394850611e-07,0.0,False,True,True,0.7,0.00012
case_006|One central cluster|h0h1,case_006,One central cluster,One central cluster,True,h0h1,True,1.0,0.712,0.000126296,0.00017738202247191012,0.712,0.711585,0.00012639024,0.00017761790931512046,0.00017761790931512046,0.711585,0.000582865168539246,0.0007461835687591536,0.0013298238452980789,-0.000582865168539246,0.0007461835687591536,h0h1,0.013327336917596121,6.098629541813233e-06,0.0,False,True,True,0.7,0.00012
case_006|Many clusters|h0,case_006,Many clusters,Many clusters,True,h0,True,1.0,0.712,0.000126296,0.00017738202247191012,0.712,0.7118930000000001,0.0001262688,0.00017737047561922927,0.00017737047561922927,0.7118930000000001,0.00015028089887620394,0.0002153670741749971,6.509595797781777e-05,-0.00015028089887620394,-0.0002153670741749971,h0,0.013318050743980113,2.0641712803703077e-07,0.0,False,True,True,0.7,0.000128
case_006|Many clusters|h0h1,case_006,Many clusters,Many clusters,True,h0h1,True,1.0,0.712,0.000126296,0.00017738202247191012,0.712,0.7118930000000001,0.00012639024,0.00017754106305301496,0.00017754106305301496,0.7118930000000001,0.00015028089887620394,0.0007461835687591536,0.0008965992093704067,-0.00015028089887620394,0.0007461835687591536,h0h1,0.013324453574275193,5.496667710267889e-07,0.0,False,True,True,0.7,0.000128
case_006|Clusters + singles|h0,case_006,Clusters + singles,Clusters + singles,True,h0,True,1.0,0.712,0.000126296,0.00017738202247191012,0.712,0.7120470000000001,0.00012623568,0.00017728560052917853,0.00017728560052917853,0.7120470000000001,6.601123595523914e-05,0.0004776081586114471,0.0005435835119472613,6.601123595523914e-05,-0.0004776081586114471,h0,0.013314863894504462,4.008419141455994e-07,0.0,False,True,True,0.7,0.00012
case_006|Clusters + singles|h0h1,case_006,Clusters + singles,Clusters + singles,True,h0h1,True,1.0,0.712,0.000126296,0.00017738202247191012,0.712,0.711739,0.0001263792,0.00017756396656639582,0.00017756396656639582,0.711739,0.00036657303370780296,0.0006587698739468605,0.0010257189085467232,-0.00036657303370780296,0.0006587698739468605,h0h1,0.013325313000691421,2.040975426766941e-06,0.0,False,True,True,0.7,0.000128
case_007|Random spaced|h0,case_007,Random spaced,Random spaced,True,h0,True,1.0,0.809,0.000106114,0.00013116687268232384,0.809,0.8090670000000001,0.00010610976,0.000131150769960955,0.000131150769960955,0.8090670000000001,8.281829419040699e-05,3.9957027347931994e-05,0.0001227651543376067,8.281829419040699e-05,-3.9957027347931994e-05,h0,0.011452107664572274,3.5148430733563916e-07,0.0,False,True,True,0.8,0.000104
case_007|Random spaced|h0h1,case_007,Random spaced,Random spaced,True,h0h1,True,1.0,0.809,0.000106114,0.00013116687268232384,0.809,0.8091440000000001,0.00010616496,0.00013120650959532541,0.00013120650959532541,0.8091440000000001,0.0001779975278121545,0.0004802382343517407,0.00030218691801531,0.0001779975278121545,0.0004802382343517407,h0h1,0.01145454100325829,1.5402776975753016e-06,0.0,False,True,True,0.8,0.000104
case_007|One central cluster|h0,case_007,One central cluster,One central cluster,True,h0,True,1.0,0.809,0.000106114,0.00013116687268232384,0.809,0.8092980000000001,0.00010615392000000001,0.00013116790106981605,0.00013116790106981605,0.8092980000000001,0.0003683559950556495,0.00037619918201193387,7.840298935128209e-06,0.0003683559950556495,0.00037619918201193387,h0,0.01145285558582732,9.370383477033993e-07,0.0,False,True,True,0.8,0.000104
case_007|One central cluster|h0h1,case_007,One central cluster,One central cluster,True,h0h1,True,1.0,0.809,0.000106114,0.00013116687268232384,0.809,0.8088360000000001,0.00010613184000000001,0.00013121552453154904,0.00013121552453154904,0.8088360000000001,0.00020271940667483554,0.0001681210773320648,0.00037091567581269366,-0.00020271940667483554,0.0001681210773320648,h0h1,0.011454934505773005,9.803788551136155e-07,0.0,False,True,True,0.8,0.000104
case_007|Many clusters|h0,case_007,Many clusters,Many clusters,True,h0,True,1.0,0.809,0.000106114,0.00013116687268232384,0.809,0.8090670000000001,0.00010619808000000001,0.00013125993273733818,0.00013125993273733818,0.8090670000000001,8.281829419040699e-05,0.0007923553913716721,0.0007094783393954346,8.281829419040699e-05,0.0007923553913716721,h0,0.011456872729385545,2.3760479834537093e-07,0.0,False,True,True,0.8,0.000104
case_007|Many clusters|h0h1,case_007,Many clusters,Many clusters,True,h0h1,True,1.0,0.809,0.000106114,0.00013116687268232384,0.809,0.8089900000000001,0.00010603248,0.00013106772642430684,0.00013106772642430684,0.8089900000000001,1.2360939431340531e-05,0.0007682303937274738,0.0007558787976680722,-1.2360939431340531e-05,-0.0007682303937274738,h0h1,0.011448481402540114,9.330530318760542e-07,0.0,False,True,True,0.8,0.000112
case_007|Clusters + singles|h0,case_007,Clusters + singles,Clusters + singles,True,h0,True,1.0,0.809,0.000106114,0.00013116687268232384,0.809,0.8092210000000001,0.00010615392000000001,0.00013118038212058263,0.00013118038212058263,0.8092210000000001,0.000273176761433902,0.00037619918201193387,0.00010299428493282706,0.000273176761433902,0.00037619918201193387,h0,0.011453400461023906,9.819013344637019e-07,0.0,False,True,True,0.8,0.000104
case_007|Clusters + singles|h0h1,case_007,Clusters + singles,Clusters + singles,True,h0h1,True,1.0,0.809,0.000106114,0.00013116687268232384,0.809,0.8090670000000001,0.00010618704,0.0001312462873902903,0.0001312462873902903,0.8090670000000001,8.281829419040699e-05,0.0006883163390316098,0.0006054479026788045,8.281829419040699e-05,0.0006883163390316098,h0h1,0.01145627720467213,9.321742128768949e-07,0.0,False,True,True,0.8,0.000104
case_008|Random spaced|h0,case_008,Random spaced,Random spaced,True,h0,True,1.0,0.953,0.000142365,0.00014938614900314798,0.953,0.95298,0.0001423872,0.00014941257948750233,0.00014941257948750233,0.95298,2.0986358866641114e-05,0.0001559372036664975,0.00017692727559232818,-2.0986358866641114e-05,0.0001559372036664975,h0,0.012223443847275707,4.436798247312471e-08,0.0,False,True,True,0.95,0.000144
case_008|Random spaced|h0h1,case_008,Random spaced,Random spaced,True,h0h1,True,1.0,0.953,0.000142365,0.00014938614900314798,0.953,0.95298,0.00014235408,0.00014937782534785618,0.00014937782534785618,0.95298,2.0986358866641114e-05,7.670424612794557e-05,5.5719056601549334e-05,-2.0986358866641114e-05,-7.670424612794557e-05,h0h1,0.01222202214643126,2.4671113383774418e-08,0.0,False,True,True,0.95,0.000144
case_008|One central cluster|h0,case_008,One central cluster,One central cluster,True,h0,True,1.0,0.953,0.000142365,0.00014938614900314798,0.953,0.9533650000000001,0.00014236512,0.00014932908172630627,0.00014932908172630627,0.9533650000000001,0.0003830010493181225,8.429038034719881e-07,0.0003820118345811591,0.0003830010493181225,8.429038034719881e-07,h0,0.012220027893843216,1.0206679402869229e-06,0.0,False,True,True,0.95,0.000144
case_008|One central cluster|h0h1,case_008,One central cluster,One central cluster,True,h0h1,True,1.0,0.953,0.000142365,0.00014938614900314798,0.953,0.9525180000000001,0.00014239824,0.0001494966394335855,0.0001494966394335855,0.9525180000000001,0.0005057712486882177,0.00023348435359810542,0.0007396296857160094,-0.0005057712486882177,0.00023348435359810542,h0h1,0.012226881836085009,1.7841818139143248e-06,0.0,False,True,True,0.95,0.000144
case_008|Many clusters|h0,case_008,Many clusters,Many clusters,True,h0,True,1.0,0.953,0.000142365,0.00014938614900314798,0.953,0.9528260000000001,0.0001425528,0.00014961052700073255,0.00014961052700073255,0.9528260000000001,0.00018258132214049998,0.0013191444526392839,0.0015020000119277635,-0.00018258132214049998,0.0013191444526392839,h0,0.012231538210737542,1.4891260893687358e-06,0.0,False,True,True,0.95,0.000144
case_008|Many clusters|h0h1,case_008,Many clusters,Many clusters,True,h0h1,True,1.0,0.953,0.000142365,0.00014938614900314798,0.953,0.9529030000000001,0.00014235408,0.00014938989592854675,0.00014938989592854675,0.9529030000000001,0.00010178384050357054,7.670424612794557e-05,2.5082147332795095e-05,-0.00010178384050357054,-7.670424612794557e-05,h0h1,0.012222515941022402,2.193113573844e-07,0.0,False,True,True,0.95,0.000144
case_008|Clusters + singles|h0,case_008,Clusters + singles,Clusters + singles,True,h0,True,1.0,0.953,0.000142365,0.00014938614900314798,0.953,0.9528260000000001,0.00014229888,0.0001493440355321958,0.0001493440355321958,0.9528260000000001,0.00018258132214049998,0.0004644399957856045,0.0002819101451721231,-0.00018258132214049998,-0.0004644399957856045,h0,0.012220639734980972,5.477821413477875e-07,0.0,False,True,True,0.95,0.000136
case_008|Clusters + singles|h0h1,case_008,Clusters + singles,Clusters + singles,True,h0h1,True,1.0,0.953,0.000142365,0.00014938614900314798,0.953,0.9525950000000001,0.00014261904,0.00014971634325185415,0.00014971634325185415,0.9525950000000001,0.00042497376705128825,0.0017844273522283603,0.0022103404559897376,-0.00042497376705128825,0.0017844273522283603,h0h1,0.01223586299579454,8.911302050537622e-06,0.0,False,True,True,0.95,0.000144
case_009|Random spaced|h0,case_009,Random spaced,Random spaced,True,h0,True,1.0,0.659,0.000117963,0.00017900303490136569,0.659,0.6589170000000001,0.00011816544,0.00017933281429982831,0.00017933281429982831,0.6589170000000001,0.00012594840667669836,0.0017161313293151189,0.001842311772224108,-0.00012594840667669836,0.0017161313293151189,h0,0.013391520238562472,2.90669248551445e-06,0.0,False,True,True,0.65,0.00012
case_009|Random spaced|h0h1,case_009,Random spaced,Random spaced,True,h0h1,True,1.0,0.659,0.000117963,0.00017900303490136569,0.659,0.6592250000000001,0.00011812128,0.00017918203951609844,0.00017918203951609844,0.6592250000000001,0.00034142640364192824,0.0013417766587828397,0.001000008825724012,0.00034142640364192824,0.0013417766587828397,h0h1,0.01338588956760433,4.12786397041835e-06,0.0,False,True,True,0.65,0.00012
case_009|One central cluster|h0,case_009,One central cluster,One central cluster,True,h0,True,1.0,0.659,0.000117963,0.00017900303490136569,0.659,0.658378,0.00011791152,0.0001790939551443092,0.0001790939551443092,0.658378,0.0009438543247344634,0.0004364080262454866,0.0005079257063636543,-0.0009438543247344634,-0.0004364080262454866,h0,0.013382598968223967,3.950675575582902e-06,0.0,False,True,True,0.65,0.000112
case_009|One central cluster|h0h1,case_009,One central cluster,One central cluster,True,h0h1,True,1.0,0.659,0.000117963,0.00017900303490136569,0.659,0.6588400000000001,0.0001180992,0.0001792532329548904,0.0001792532329548904,0.6588400000000001,0.00024279210925635502,0.0011545993235167,0.0013977307907799903,-0.00024279210925635502,0.0011545993235167,h0h1,0.013388548575364336,3.7310971880219904e-06,0.0,False,True,True,0.65,0.00012
case_009|Many clusters|h0,case_009,Many clusters,Many clusters,True,h0,True,1.0,0.659,0.000117963,0.00017900303490136569,0.659,0.6589940000000001,0.00011796672,0.00017901030965380562,0.00017901030965380562,0.6589940000000001,9.104704097041714e-06,3.1535311919862466e-05,4.064038603557458e-05,-9.104704097041714e-06,3.1535311919862466e-05,h0,0.013379473444564461,1.8822709952378106e-09,0.0,False,True,True,0.65,0.000112
case_009|Many clusters|h0h1,case_009,Many clusters,Many clusters,True,h0h1,True,1.0,0.659,0.000117963,0.00017900303490136569,0.659,0.6592250000000001,0.00011797776000000001,0.00017896432932610262,0.00017896432932610262,0.6592250000000001,0.00034142640364192824,0.00012512397955304717,0.0002162285979363118,0.00034142640364192824,0.00012512397955304717,h0h1,0.013377755018167384,1.0171082768935913e-06,0.0,False,True,True,0.65,0.00012
case_009|Clusters + singles|h0,case_009,Clusters + singles,Clusters + singles,True,h0,True,1.0,0.659,0.000117963,0.00017900303490136569,0.659,0.6588400000000001,0.00011786736000000001,0.00017890134175217048,0.00017890134175217048,0.6588400000000001,0.00024279210925635502,0.0008107626967776509,0.00056810851978705,-0.00024279210925635502,-0.0008107626967776509,h0,0.013375400620249491,4.477994058143799e-07,0.0,False,True,True,0.65,0.00012
case_009|Clusters + singles|h0h1,case_009,Clusters + singles,Clusters + singles,True,h0h1,True,1.0,0.659,0.000117963,0.00017900303490136569,0.659,0.6588400000000001,0.0001179888,0.00017908566571549995,0.00017908566571549995,0.6588400000000001,0.00024279210925635502,0.00021871264718600208,0.00046161683336706354,-0.00024279210925635502,0.00021871264718600208,h0h1,0.01338228925541142,6.144646366010292e-07,0.0,False,True,True,0.65,0.00012
case_010|Random spaced|h0,case_010,Random spaced,Random spaced,True,h0,True,1.0,0.881,0.000147448,0.00016736435868331442,0.881,0.8809850000000001,0.00014764223999999998,0.00016758768878017216,0.00016758768878017216,0.8809850000000001,1.7026106696794804e-05,0.0013173457761379021,0.0013343946023796128,-1.7026106696794804e-05,0.0013173457761379021,h0,0.01294556637541101,7.644099121891248e-07,0.0,False,True,True,0.9,0.000152
case_010|Random spaced|h0h1,case_010,Random spaced,Random spaced,True,h0h1,True,1.0,0.881,0.000147448,0.00016736435868331442,0.881,0.8809850000000001,0.00014736624,0.00016727440308291286,0.00016727440308291286,0.8809850000000001,1.7026106696794804e-05,0.0005545005696923687,0.0005374836142489298,-1.7026106696794804e-05,-0.0005545005696923687,h0h1,0.01293346059965827,1.9770309818357458e-07,0.0,False,True,True,0.9,0.000144
case_010|One central cluster|h0,case_010,One central cluster,One central cluster,True,h0,True,1.0,0.881,0.000147448,0.00016736435868331442,0.881,0.8814470000000001,0.00014754288,0.00016738712594177525,0.00016738712594177525,0.8814470000000001,0.0005073779795687698,0.0006434810916390634,0.00013603409136776762,0.0005073779795687698,0.0006434810916390634,h0,0.0129378176653474,5.85390976557471e-07,0.0,False,True,True,0.9,0.000152
case_010|One central cluster|h0h1,case_010,One central cluster,One central cluster,True,h0h1,True,1.0,0.881,0.000147448,0.00016736435868331442,0.881,0.8811390000000001,0.00014755392,0.00016745816494332904,0.00016745816494332904,0.8811390000000001,0.00015777525539172673,0.0007183549454723698,0.0005604912584292625,0.00015777525539172673,0.0007183549454723698,h0h1,0.012940562775371442,4.793152750530975e-07,0.0,False,True,True,0.9,0.000152
case_010|Many clusters|h0,case_010,Many clusters,Many clusters,True,h0,True,1.0,0.881,0.000147448,0.00016736435868331442,0.881,0.8810620000000001,0.000147576,0.00016749786053648892,0.00016749786053648892,0.8810620000000001,7.037457434746596e-05,0.0008681026531387988,0.0007976719429679403,7.037457434746596e-05,0.0008681026531387988,h0,0.01294209645059443,2.607212372461051e-07,0.0,False,True,True,0.9,0.000152
case_010|Many clusters|h0h1,case_010,Many clusters,Many clusters,True,h0h1,True,1.0,0.881,0.000147448,0.00016736435868331442,0.881,0.880831,0.00014756496,0.00016752925362526977,0.00016752925362526977,0.880831,0.00019182746878544237,0.0007932287993054924,0.0009852452651962845,-0.00019182746878544237,0.0007932287993054924,h0h1,0.012943309222346107,7.68616617887332e-07,0.0,False,True,True,0.9,0.000144
case_010|Clusters + singles|h0,case_010,Clusters + singles,Clusters + singles,True,h0,True,1.0,0.881,0.000147448,0.00016736435868331442,0.881,0.8812160000000001,0.00014754288,0.00016743100443024182,0.00016743100443024182,0.8812160000000001,0.0002451759364359875,0.0006434810916390634,0.0003982075243003716,0.0002451759364359875,0.0006434810916390634,h0,0.012939513299589046,7.471746824430038e-07,0.0,False,True,True,0.9,0.000152
case_010|Clusters + singles|h0h1,case_010,Clusters + singles,Clusters + singles,True,h0h1,True,1.0,0.881,0.000147448,0.00016736435868331442,0.881,0.8809850000000001,0.00014738832,0.0001672994659386936,0.0001672994659386936,0.8809850000000001,1.7026106696794804e-05,0.0004047528620259397,0.0003877333569187047,-1.7026106696794804e-05,-0.0004047528620259397,h0h1,0.012934429478670236,3.1616810800332214e-07,0.0,False,True,True,0.9,0.000144
case_011|Random spaced|h0,case_011,Random spaced,Random spaced,True,h0,True,1.0,0.996,0.000128428,0.00012894377510040163,0.996,0.9960230000000001,0.00012852096,0.00012903412872995905,0.00012903412872995905,0.9960230000000001,2.3092369478018342e-05,0.0007238296944591353,0.0007007211436695353,2.3092369478018342e-05,0.0007238296944591353,h0,0.011359319025802518,1.7193068087546428e-07,0.0,False,True,True,1.0,0.000128
case_011|Random spaced|h0h1,case_011,Random spaced,Random spaced,True,h0h1,True,1.0,0.996,0.000128428,0.00012894377510040163,0.996,0.9962540000000001,0.00012810144000000002,0.00012858311233882123,0.00012858311233882123,0.9962540000000001,0.000255020080321373,0.00254274768742015,0.002797054462687889,0.000255020080321373,-0.00254274768742015,h0h1,0.011339449384287634,6.532521920982136e-06,0.0,False,True,True,1.0,0.000128
case_011|One central cluster|h0,case_011,One central cluster,One central cluster,True,h0,True,1.0,0.996,0.000128428,0.00012894377510040163,0.996,0.995715,0.00012845472,0.00012900751721125022,0.00012900751721125022,0.995715,0.00028614457831323265,0.00020805431837293234,0.0004943403494969751,-0.00028614457831323265,0.00020805431837293234,h0,0.011358147613552583,1.92027580597743e-06,0.0,False,True,True,1.0,0.000128
case_011|One central cluster|h0h1,case_011,One central cluster,One central cluster,True,h0h1,True,1.0,0.996,0.000128428,0.00012894377510040163,0.996,0.995715,0.00012849888,0.00012905186725117128,0.00012905186725117128,0.995715,0.00028614457831323265,0.0005519045690970676,0.0008382890192681356,-0.00028614457831323265,0.0005519045690970676,h0h1,0.011360099790546353,3.5684401782521302e-06,0.0,False,True,True,1.0,0.000128
case_011|Many clusters|h0,case_011,Many clusters,Many clusters,True,h0,True,1.0,0.996,0.000128428,0.00012894377510040163,0.996,0.9960230000000001,0.00012848784,0.00012900087648578395,0.00012900087648578395,0.9960230000000001,2.3092369478018342e-05,0.0004659420064159283,0.0004428394107265955,2.3092369478018342e-05,0.0004659420064159283,h0,0.011357855276670149,7.529901198319221e-08,0.0,False,True,True,1.0,0.000128
case_011|Many clusters|h0h1,case_011,Many clusters,Many clusters,True,h0h1,True,1.0,0.996,0.000128428,0.00012894377510040163,0.996,0.9960230000000001,0.00012832224,0.00012883461526490855,0.00012883461526490855,0.9960230000000001,2.3092369478018342e-05,0.0008234964337994735,0.0008465692539874729,2.3092369478018342e-05,-0.0008234964337994735,h0h1,0.011350533699562702,8.133086023187455e-07,0.0,False,True,True,1.0,0.000128
case_011|Clusters + singles|h0,case_011,Clusters + singles,Clusters + singles,True,h0,True,1.0,0.996,0.000128428,0.00012894377510040163,0.996,0.9962540000000001,0.00012841056,0.0001288933946563828,0.0001288933946563828,0.9962540000000001,0.000255020080321373,0.00013579593235120294,0.0003907163721520497,0.000255020080321373,-0.00013579593235120294,h0,0.01135312268304993,1.9667601041244724e-06,0.0,False,True,True,1.0,0.000128
case_011|Clusters + singles|h0h1,case_011,Clusters + singles,Clusters + singles,True,h0h1,True,1.0,0.996,0.000128428,0.00012894377510040163,0.996,0.9960230000000001,0.00012826704,0.00012877919485795004,0.00012877919485795004,0.9960230000000001,2.3092369478018342e-05,0.0012533092472047482,0.0012763721422258461,2.3092369478018342e-05,-0.0012533092472047482,h0h1,0.011348092124139196,3.1952206921556038e-06,0.0,False,True,True,1.0,0.000128
case_012|Random spaced|h0,case_012,Random spaced,Random spaced,True,h0,True,1.0,0.785,0.000148539,0.0001892216560509554,0.785,0.785043,0.00014858064,0.00018926433329129742,0.00018926433329129742,0.785043,5.477707006371369e-05,0.00028033041827407414,0.00022554099373557412,5.477707006371369e-05,0.00028033041827407414,h0,0.01375733743466727,6.553478634656756e-08,0.0,False,True,True,0.8,0.000152
case_012|Random spaced|h0h1,case_012,Random spaced,Random spaced,True,h0h1,True,1.0,0.785,0.000148539,0.0001892216560509554,0.785,0.78512,0.00014842607999999998,0.00018904890972080697,0.00018904890972080697,0.78512,0.000152866242038228,0.0007602043907661408,0.0009129310764614833,0.000152866242038228,-0.0007602043907661408,h0h1,0.01374950579914809,8.632734880946312e-07,0.0,False,True,True,0.8,0.000152
case_012|One central cluster|h0,case_012,One central cluster,One central cluster,True,h0,True,1.0,0.785,0.000148539,0.0001892216560509554,0.785,0.785043,0.00014848128,0.0001891377669758217,0.0001891377669758217,0.785043,5.477707006371369e-05,0.0003885848161088951,0.0004433376014376839,5.477707006371369e-05,-0.0003885848161088951,h0,0.013752736708590828,2.824538316890526e-07,0.0,False,True,True,0.8,0.000152
case_012|One central cluster|h0h1,case_012,One central cluster,One central cluster,True,h0h1,True,1.0,0.785,0.000148539,0.0001892216560509554,0.785,0.7847350000000001,0.00014853648,0.00018928234372112877,0.00018928234372112877,0.7847350000000001,0.00033757961783434354,1.6965241451649413e-05,0.00032072264581087603,-0.00033757961783434354,-1.6965241451649413e-05,h0h1,0.013757991994514635,3.258454474616079e-07,0.0,False,True,True,0.8,0.000152
case_012|Many clusters|h0,case_012,Many clusters,Many clusters,True,h0,True,1.0,0.785,0.000148539,0.0001892216560509554,0.785,0.784966,0.00014844816,0.0001891141272360841,0.0001891141272360841,0.784966,4.331210191080063e-05,0.0006115565609030965,0.0005682690719202599,-4.331210191080063e-05,-0.0006115565609030965,h0,0.013751877225894802,1.3502502913631294e-07,0.0,False,True,True,0.8,0.000152
case_012|Many clusters|h0h1,case_012,Many clusters,Many clusters,True,h0h1,True,1.0,0.785,0.000148539,0.0001892216560509554,0.785,0.78512,0.00014842607999999998,0.00018904890972080697,0.00018904890972080697,0.78512,0.000152866242038228,0.0007602043907661408,0.0009129310764614833,0.000152866242038228,-0.0007602043907661408,h0h1,0.01374950579914809,6.195454981034157e-07,0.0,False,True,True,0.8,0.000144
case_012|Clusters + singles|h0,case_012,Clusters + singles,Clusters + singles,True,h0,True,1.0,0.785,0.000148539,0.0001892216560509554,0.785,0.78512,0.0001485144,0.00018916140207866314,0.00018916140207866314,0.78512,0.000152866242038228,0.0001656130713145112,0.0003184306360579734,0.000152866242038228,-0.0001656130713145112,h0,0.013753595969006183,4.4677678216421884e-07,0.0,False,True,True,0.8,0.000152
case_012|Clusters + singles|h0h1,case_012,Clusters + singles,Clusters + singles,True,h0h1,True,1.0,0.785,0.000148539,0.0001892216560509554,0.785,0.785043,0.00014860272,0.00018929245913918092,0.00018929245913918092,0.785043,5.477707006371369e-05,0.00042897824813693596,0.0003741806815518855,5.477707006371369e-05,0.00042897824813693596,h0h1,0.013758359609313202,3.686720555404036e-07,0.0,False,True,True,0.8,0.000152
case_013|Random spaced|h0,case_013,Random spaced,Random spaced,True,h0,True,1.0,0.761,0.000149902,0.00019698028909329827,0.761,0.761096,0.0001499496,0.00019701798459064297,0.00019701798459064297,0.761096,0.00012614980289091325,0.00031754079331845514,0.00019136684953717563,0.00012614980289091325,0.00031754079331845514,h0,0.014036309507510975,3.634663180241847e-07,0.0,False,True,True,0.75,0.000144
case_013|Random spaced|h0h1,case_013,Random spaced,Random spaced,True,h0h1,True,1.0,0.761,0.000149902,0.00019698028909329827,0.761,0.761096,0.00014985024,0.00019688743601332814,0.00019688743601332814,0.761096,0.00012614980289091325,0.0003452922576082295,0.0004713825956775876,0.00012614980289091325,-0.0003452922576082295,h0h1,0.014031658348653168,4.43580232730906e-07,0.0,False,True,True,0.75,0.000152
case_013|One central cluster|h0,case_013,One central cluster,One central cluster,True,h0,True,1.0,0.761,0.000149902,0.00019698028909329827,0.761,0.760942,0.000149784,0.0001968402322384623,0.0001968402322384623,0.760942,7.621550591327529e-05,0.0007871809582259589,0.0007110196430345135,-7.621550591327529e-05,-0.0007871809582259589,h0,0.014029976202348396,6.577009401829752e-07,0.0,False,True,True,0.75,0.000144
case_013|One central cluster|h0h1,case_013,One central cluster,One central cluster,True,h0h1,True,1.0,0.761,0.000149902,0.00019698028909329827,0.761,0.7610190000000001,0.00014975088,0.00019677679532311278,0.00019677679532311278,0.7610190000000001,2.496714848896487e-05,0.001008125308534914,0.0010330666642950584,2.496714848896487e-05,-0.001008125308534914,h0h1,0.014027715256702097,9.175171004432681e-07,0.0,False,True,True,0.75,0.000152
case_013|Many clusters|h0,case_013,Many clusters,Many clusters,True,h0,True,1.0,0.761,0.000149902,0.00019698028909329827,0.761,0.7610190000000001,0.00014999376,0.00019709594635613565,0.00019709594635613565,0.7610190000000001,2.496714848896487e-05,0.0006121332603969415,0.000587151452410575,2.496714848896487e-05,0.0006121332603969415,h0,0.014039086378968385,1.4593977637744712e-07,0.0,False,True,True,0.75,0.000144
case_013|Many clusters|h0h1,case_013,Many clusters,Many clusters,True,h0h1,True,1.0,0.761,0.000149902,0.00019698028909329827,0.761,0.7608650000000001,0.00014988336,0.00019699074080158766,0.00019699074080158766,0.7608650000000001,0.00017739816031522366,0.00012434790729927433,5.3059665703112834e-05,-0.00017739816031522366,-0.00012434790729927433,h0h1,0.014035338998456277,4.0571360015152364e-07,0.0,False,True,True,0.75,0.000152
case_013|Clusters + singles|h0,case_013,Clusters + singles,Clusters + singles,True,h0,True,1.0,0.761,0.000149902,0.00019698028909329827,0.761,0.761096,0.00014980608,0.00019682941442341045,0.00019682941442341045,0.761096,0.00012614980289091325,0.0006398847246867158,0.0007659379046619115,0.00012614980289091325,-0.0006398847246867158,h0,0.014029590671983642,8.941440904041685e-07,0.0,False,True,True,0.75,0.000144
case_013|Clusters + singles|h0h1,case_013,Clusters + singles,Clusters + singles,True,h0h1,True,1.0,0.761,0.000149902,0.00019698028909329827,0.761,0.760942,0.00014998272,0.0001971013822341256,0.0001971013822341256,0.760942,7.621550591327529e-05,0.0005384851436272295,0.0006147475028325253,-7.621550591327529e-05,0.0005384851436272295,h0h1,0.014039279975630004,4.695664162252812e-07,0.0,False,True,True,0.75,0.000152
case_014|Random spaced|h0,case_014,Random spaced,Random spaced,True,h0,True,1.0,0.675,0.000116995,0.0001733259259259259,0.675,0.675087,0.00011698416,0.0001732875318292309,0.0001732875318292309,0.675087,0.00012888888888881218,9.265353220222552e-05,0.00022151387041435813,0.00012888888888881218,-9.265353220222552e-05,h0,0.013163872220180159,5.768058355704196e-07,0.0,False,True,True,0.65,0.000112
case_014|Random spaced|h0h1,case_014,Random spaced,Random spaced,True,h0h1,True,1.0,0.675,0.000116995,0.0001733259259259259,0.675,0.675241,0.00011712768,0.00017346055704555856,0.00017346055704555856,0.675241,0.00035703703703694175,0.0011340655583571794,0.0007767511923760838,0.00035703703703694175,0.0011340655583571794,h0h1,0.013170442553139912,4.33003152264276e-06,0.0,False,True,True,0.65,0.00012
case_014|One central cluster|h0,case_014,One central cluster,One central cluster,True,h0,True,1.0,0.675,0.000116995,0.0001733259259259259,0.675,0.6753950000000001,0.00011701728,0.00017325754558443577,0.00017325754558443577,0.6753950000000001,0.0005851851851852359,0.00019043548869609867,0.00039451882991448697,0.0005851851851852359,0.00019043548869609867,h0,0.013162733211017982,1.769425853174361e-06,0.0,False,True,True,0.65,0.000112
case_014|One central cluster|h0h1,case_014,One central cluster,One central cluster,True,h0h1,True,1.0,0.675,0.000116995,0.0001733259259259259,0.675,0.675087,0.00011697312,0.00017327117838145307,0.00017327117838145307,0.675087,0.00012888888888881218,0.00018701653916833357,0.0003158647166046975,0.00012888888888881218,-0.00018701653916833357,h0h1,0.013163251056690101,2.815212117727802e-07,0.0,False,True,True,0.65,0.00012
case_014|Many clusters|h0,case_014,Many clusters,Many clusters,True,h0,True,1.0,0.675,0.000116995,0.0001733259259259259,0.675,0.674933,0.00011690687999999999,0.00017321257072924274,0.00017321257072924274,0.674933,9.92592592593174e-05,0.0007531945809650978,0.0006540002372848558,-9.92592592593174e-05,-0.0007531945809650978,h0,0.013161024683862679,2.5376089643343956e-07,0.0,False,True,True,0.65,0.000112
case_014|Many clusters|h0h1,case_014,Many clusters,Many clusters,True,h0h1,True,1.0,0.675,0.000116995,0.0001733259259259259,0.675,0.674933,0.00011689584,0.0001731962135500857,0.0001731962135500857,0.674933,9.92592592593174e-05,0.0008475575879310901,0.0007483726115828469,-9.92592592593174e-05,-0.0008475575879310901,h0h1,0.01316040324420516,7.627999467340441e-07,0.0,False,True,True,0.65,0.00012
case_014|Clusters + singles|h0,case_014,Clusters + singles,Clusters + singles,True,h0,True,1.0,0.675,0.000116995,0.0001733259259259259,0.675,0.675087,0.0001171056,0.00017346741975478717,0.00017346741975478717,0.675087,0.00012888888888881218,0.0009453395444249632,0.0008163454376798443,0.00012888888888881218,0.0009453395444249632,h0,0.013170703085059172,5.238727582682595e-07,0.0,False,True,True,0.7,0.00012
case_014|Clusters + singles|h0h1,case_014,Clusters + singles,Clusters + singles,True,h0h1,True,1.0,0.675,0.000116995,0.0001733259259259259,0.675,0.674933,0.00011691792,0.0001732289279083998,0.0001732289279083998,0.674933,9.92592592593174e-05,0.000658831573998874,0.0005596278629867083,-9.92592592593174e-05,-0.000658831573998874,h0h1,0.013161646094178334,7.217886861444603e-07,0.0,False,True,True,0.65,0.00012
case_015|Random spaced|h0,case_015,Random spaced,Random spaced,True,h0,True,1.0,0.64,0.000120253,0.0001878953125,0.64,0.6400520000000001,0.00012029616,0.0001879474792673095,0.0001879474792673095,0.6400520000000001,8.125000000008126e-05,0.00035890996482413793,0.0002776374067848098,8.125000000008126e-05,0.00035890996482413793,h0,0.013709393832963932,1.1685766472323897e-07,0.0,False,True,True,0.65,0.00012
case_015|Random spaced|h0h1,case_015,Random spaced,Random spaced,True,h0h1,True,1.0,0.64,0.000120253,0.0001878953125,0.64,0.6400520000000001,0.00012015263999999999,0.0001877232474861417,0.0001877232474861417,0.6400520000000001,8.125000000008126e-05,0.0008345737736273861,0.0009157493689912099,8.125000000008126e-05,-0.0008345737736273861,h0h1,0.013701213358171666,5.635773482241401e-07,0.0,False,True,True,0.65,0.00012
case_015|One central cluster|h0,case_015,One central cluster,One central cluster,True,h0,True,1.0,0.64,0.000120253,0.0001878953125,0.64,0.64036,0.00012030720000000001,0.00018787432069460928,0.00018787432069460928,0.64036,0.0005625000000000421,0.00045071640624358997,0.00011172075083409876,0.0005625000000000421,0.00045071640624358997,h0,0.013706725381892252,1.078775566052398e-06,0.0,False,True,True,0.65,0.00012
case_015|One central cluster|h0h1,case_015,One central cluster,One central cluster,True,h0h1,True,1.0,0.64,0.000120253,0.0001878953125,0.64,0.6395900000000001,0.00012031824,0.00018811776294188462,0.00018811776294188462,0.6395900000000001,0.0006406249999998601,0.0005425228476628166,0.0011839062876283148,-0.0006406249999998601,0.0005425228476628166,h0h1,0.013715602901144543,5.295771523588857e-06,0.0,False,True,True,0.65,0.00012
case_015|Many clusters|h0,case_015,Many clusters,Many clusters,True,h0,True,1.0,0.64,0.000120253,0.0001878953125,0.64,0.6398980000000001,0.00012029616,0.00018799271133836953,0.00018799271133836953,0.6398980000000001,0.00015937499999989918,0.00035890996482413793,0.0005183675796571011,-0.00015937499999989918,0.00035890996482413793,h0,0.013711043408084211,4.2316326434986846e-07,0.0,False,True,True,0.65,0.00012
case_015|Many clusters|h0h1,case_015,Many clusters,Many clusters,True,h0h1,True,1.0,0.64,0.000120253,0.0001878953125,0.64,0.640206,0.00012021888000000001,0.00018778155781107956,0.00018778155781107956,0.640206,0.0003218750000000617,0.0002837351251111247,0.0006054152570752596,0.0003218750000000617,-0.0002837351251111247,h0h1,0.013703341118540381,7.673043848240495e-07,0.0,False,True,True,0.65,0.00012
case_015|Clusters + singles|h0,case_015,Clusters + singles,Clusters + singles,True,h0,True,1.0,0.64,0.000120253,0.0001878953125,0.64,0.640206,0.000120252,0.00018783329115940804,0.00018783329115940804,0.640206,0.0003218750000000617,8.315800853219402e-06,0.00033008455488715783,0.0003218750000000617,-8.315800853219402e-06,h0,0.013705228606608794,9.651404524256415e-07,0.0,False,True,True,0.65,0.00012
case_015|Clusters + singles|h0h1,case_015,Clusters + singles,Clusters + singles,True,h0h1,True,1.0,0.64,0.000120253,0.0001878953125,0.64,0.6399750000000001,0.00012034032,0.00018803909527715924,0.00018803909527715924,0.6399750000000001,3.906249999990896e-05,0.0007261357305014953,0.0007652281222250057,-3.906249999990896e-05,0.0007261357305014953,h0h1,0.013712734784759721,6.957413478609416e-07,0.0,False,True,True,0.65,0.00012
